-- phpMyAdmin SQL Dump
-- version 5.2.1
-- https://www.phpmyadmin.net/
--
-- Host: 127.0.0.1
-- Waktu pembuatan: 16 Jun 2024 pada 17.42
-- Versi server: 10.4.28-MariaDB
-- Versi PHP: 8.2.4

SET SQL_MODE = "NO_AUTO_VALUE_ON_ZERO";
START TRANSACTION;
SET time_zone = "+00:00";


/*!40101 SET @OLD_CHARACTER_SET_CLIENT=@@CHARACTER_SET_CLIENT */;
/*!40101 SET @OLD_CHARACTER_SET_RESULTS=@@CHARACTER_SET_RESULTS */;
/*!40101 SET @OLD_COLLATION_CONNECTION=@@COLLATION_CONNECTION */;
/*!40101 SET NAMES utf8mb4 */;

--
-- Database: `apimakanann`
--

-- --------------------------------------------------------

--
-- Struktur dari tabel `coments`
--

CREATE TABLE `coments` (
  `id` int(128) NOT NULL,
  `name` varchar(128) NOT NULL,
  `komentar` varchar(255) NOT NULL
) ENGINE=InnoDB DEFAULT CHARSET=utf8mb4 COLLATE=utf8mb4_general_ci;

--
-- Dumping data untuk tabel `coments`
--

INSERT INTO `coments` (`id`, `name`, `komentar`) VALUES
(1, 'coba dulu', 'masak apa aja'),
(1, 'Thoriq ar r', 'Sangat membantu saya ketika saya masak '),
(1, 'jbvdv', 'sdvsv'),
(1, 'Agus', 'Terimakasih resep yang sudah diberikan'),
(3, 'Thoriq ar r', 'Sangat membantu saya ketika saya masak '),
(22, 'Thoriq ', 'Sangat membantu saya ketika saya masak '),
(22, 'Gilang', 'Sangat membantu saya dalam memasak, khususnya makanan daerah '),
(1, 'Tsaqif', 'Resep ini sangat membantu'),
(40, 'Tsaqif', 'Resep makanan ini sangat membantu'),
(40, 'Gilang', 'Resep makanan ini sangat membantu dalam membuat makanan');

-- --------------------------------------------------------

--
-- Struktur dari tabel `daerahs`
--

CREATE TABLE `daerahs` (
  `daerahId` int(128) NOT NULL,
  `name` varchar(128) NOT NULL,
  `deskripsi` mediumtext NOT NULL,
  `pictureId` varchar(250) NOT NULL
) ENGINE=InnoDB DEFAULT CHARSET=utf8mb4 COLLATE=utf8mb4_general_ci;

--
-- Dumping data untuk tabel `daerahs`
--

INSERT INTO `daerahs` (`daerahId`, `name`, `deskripsi`, `pictureId`) VALUES
(1, 'Jawa Barat', 'Jawa Barat, yang terletak di bagian barat Pulau Jawa, adalah tempat bagi kekayaan kuliner Indonesia. Dikenal dengan sebutan \"Pusaka Kuliner Nusantara\", provinsi ini menyajikan beragam hidangan yang memikat lidah. Budaya makanan di Jawa Barat tidak hanya mencerminkan kekayaan alamnya, tetapi juga sejarah, tradisi, dan keragaman budaya masyarakatnya.', 'https://c.files.bbci.co.uk/2767/production/_108578001_gettyimages-923316538.jpg'),
(2, 'Jawa Tengah', 'Jawa Tengah, dengan keberagaman budaya dan sejarahnya yang kaya, juga menawarkan hidangan-hidangan yang lezat dan beragam. Dikenal sebagai \"Warisan Rasa dari Tanah Jawa Tengah\", provinsi ini mempersembahkan cita rasa yang khas dan menggugah selera.', 'https://asset.kompas.com/crops/T2o0W94mqoZnRqMl0xRtoIo7FeM=/49x0:638x393/750x500/data/photo/2022/03/24/623c7f47e99c6.jpg'),
(3, 'Jawa Timur', 'Jawa Timur, dengan kota utamanya Surabaya, adalah tempat bagi beberapa hidangan paling ikonik di Indonesia. Terletak di Pulau Jawa bagian timur, wilayah ini kaya akan keanekaragaman kuliner dari mulai masakan pedas, manis, hingga gurih.', 'https://asset.kompas.com/crops/zkD6z9YxKGyFuD4HvAsLynT2ClY=/144x3:1506x911/750x500/data/photo/2022/03/02/621f8fa8c4913.jpg'),
(4, 'DKI Jakarta', 'Jakarta, sebagai ibu kota Indonesia, adalah pusat kegiatan ekonomi, politik, dan budaya negara ini. Selain itu, Jakarta juga merupakan surga bagi para pecinta kuliner dengan ragam hidangan dari seluruh penjuru nusantara dan dunia. Dikenal sebagai \"Metropolis Kuliner di Jantung Nusantara\", Jakarta mempersembahkan cita rasa yang menggugah selera dari berbagai tradisi kuliner.', 'https://asset.kompas.com/crops/fC8lObClL8TCjL1q0OYZHh3aOH4=/215x55:785x435/1200x800/data/photo/2023/03/10/640aee8483506.jpg'),
(5, 'Kalimantan Tengah', 'Kalimantan Tengah, yang berada di jantung Pulau Kalimantan, adalah destinasi kuliner yang memikat dengan kekayaan rasa dan keanekaragaman bahan alaminya. Dikenal sebagai \"Warisan Rasa dari Hutan dan Sungai\", provinsi ini menghadirkan hidangan-hidangan yang menggugah selera dan memukau indera.', 'https://kompaspedia.kompas.id/wp-content/uploads/2020/10/ISEN-MULANG-5-12-1156x800.jpg'),
(6, 'Kalimantan Selatan', 'Kalimantan Selatan, dengan keindahan alamnya yang menakjubkan dan keragaman budaya yang kaya, juga menawarkan hidangan-hidangan yang menggugah selera dan mengundang petualangan kuliner. Dari hidangan laut hingga makanan tradisional suku Dayak, Kalimantan Selatan mempersembahkan beragam rasa yang mencerminkan kekayaan alam dan budaya daerah.', 'https://mediaim.expedia.com/destination/2/a114c0222ca9d6b649c4edbec8fb3401.jpg'),
(7, 'Kalimantan Utara', 'Kalimantan Utara, dengan kekayaan alamnya yang melimpah dan keanekaragaman budayanya yang kaya, menawarkan hidangan-hidangan yang lezat dan autentik. Dikenal sebagai \"Merayakan Kelezatan di Borneo Utara\", provinsi ini mempersembahkan cita rasa yang khas dan menggugah selera.', 'https://www.gerbangkaltim.com/wp-content/uploads/2022/10/Tempat-wisata-di-Tanjung-Selor.jpg'),
(8, 'Kalimantan Timur', 'Kalimantan Timur, bersemayam di tepian Sungai Mahakam, memikat dengan kekayaan budaya dan alamnya. Dikenal sebagai \"Melahap Aroma Aneka Budaya di Tepian Sungai\", provinsi ini menawarkan hidangan-hidangan yang menggugah selera dengan sentuhan unik dari beragam budaya di sepanjang sungai tersebut.', 'https://mmc.tirto.id/image/2023/03/16/landmark-kota-samarinda-istock-1468649261_ratio-16x9.jpg'),
(9, 'Kalimantan Barat', 'Kalimantan Barat, dengan ibu kotanya Pontianak, menawarkan hidangan-hidangan yang unik dan lezat dengan cita rasa yang khas. Terletak di bagian barat Pulau Kalimantan, wilayah ini kaya akan rempah-rempah dan hasil laut.', 'https://dinaskebudayaan.jakarta.go.id/encyclopedia/file/gallery/3146/06dabfb1b8ba0cfed409e8133d784f46fe73676b.jpg'),
(10, 'Sumatera Selatan', 'Sumatera Selatan, dengan kekayaan alamnya yang melimpah dan warisan budayanya yang kaya, menawarkan hidangan-hidangan yang menggugah selera. Dikenal sebagai \"Kelezatan Bumi Sriwijaya\", provinsi ini mempersembahkan cita rasa yang autentik dan memikat hati.', 'https://kompaspedia.kompas.id/wp-content/uploads/2020/11/20200911ED25-scaled.jpg'),
(11, 'Sumatera Utara', 'Sumatera Utara, dengan kekayaan alamnya yang melimpah dan keberagaman budaya yang kaya, menawarkan ragam hidangan lezat yang mencerminkan keanekaragaman daerah ini. Dari hidangan laut hingga makanan pedas khas Batak, Sumatera Utara adalah surga bagi para pecinta kuliner yang mencari petualangan rasa.', 'https://static.promediateknologi.id/crop/0x0:0x0/750x500/webp/photo/p1/899/2024/02/12/b3369ea0b6855b85f7a2f1ac1260801e-3960329975.jpg'),
(12, 'Sumatera Barat', 'Sumatera Barat, dengan kekayaan alamnya yang melimpah dan budaya Minangkabau yang kaya, menawarkan hidangan-hidangan yang lezat dan beragam. Dikenal sebagai \"Bumi Rendang dan Padang\", provinsi ini mempersembahkan cita rasa yang khas dan autentik yang tidak dapat ditemukan di tempat lain.', 'https://upload.wikimedia.org/wikipedia/commons/thumb/f/f2/Istano_Pagaruyuang.jpg/288px-Istano_Pagaruyuang.jpg'),
(13, 'Gorontalo', 'Gorontalo, dengan keindahan alam bawah lautnya yang memukau, juga menawarkan hidangan-hidangan laut yang lezat dan menggugah selera. Dikenal sebagai \"Kelezatan Laut di Bumi Jalea\", provinsi ini mempersembahkan cita rasa yang autentik dan kaya akan rempah.', 'https://upload.wikimedia.org/wikipedia/id/8/8b/Gorontalo.jpg'),
(14, 'Jambi', 'Jambi, dengan kekayaan alamnya yang melimpah dan budayanya yang kaya, menawarkan hidangan-hidangan yang unik dan autentik. Dikenal sebagai \"Kekayaan Rasa di Bumi Sembilan Lurah\", provinsi ini mempersembahkan cita rasa yang menggugah selera dan memikat hati.', 'https://cdn.antaranews.com/cache/1200x800/2018/05/kotajambi.jpg'),
(15, 'Kepulauan Riau\r\n', 'Kepulauan Riau yang terdiri dari berbagai pulau yang tersebar di antara Sumatera dan Semenanjung Malaya, menjadi rumah bagi kekayaan laut yang melimpah. Dikenal sebagai \"Keanekaragaman Lautan di Tengah Birunya Samudra\", provinsi ini menghadirkan hidangan-hidangan laut yang lezat dan menggugah selera.', 'https://palpos.disway.id/upload/b332cb1a67e8916b86722536d28983a5.jpg'),
(16, 'Lampung', 'Lampung, dengan kekayaan alamnya yang melimpah dan keindahan alamnya yang memukau, juga menawarkan hidangan-hidangan yang lezat dan menggugah selera. Dikenal sebagai \"Kelezatan Kuliner di Tanah Umpak\", provinsi ini mempersembahkan cita rasa yang autentik dan khas.', 'https://bandarlampungkota.go.id/new/images/destinasi/462_tugugajah.jpg'),
(17, 'Maluku', 'Maluku, yang terkenal dengan keindahan alamnya yang memesona dan keanekaragaman rempahnya, juga menawarkan hidangan-hidangan yang lezat dan unik. Dikenal sebagai \"Kelezatan Rasa di Jantung Kepulauan Rempah\", provinsi ini mempersembahkan cita rasa yang autentik dan memikat hati.\r\n\r\n', 'https://webicdn.com/sdirmember/36/35014/produk/6vxyj.jpg'),
(18, 'Maluku Utara', 'Maluku Utara, dengan keindahan alamnya yang memukau dan kekayaan rempah-rempahnya yang melimpah, menjadi tempat bagi hidangan-hidangan yang lezat dan menggugah selera. Dikenal sebagai \"Aroma Rempah-Rempah di Tanah Maluku Utara\", provinsi ini mempersembahkan cita rasa yang autentik dan khas.', 'https://kalesang.id/wp-content/uploads/2023/04/CEA9A4BD-DEF7-4ECD-9F1B-B214C36C7E43.jpeg'),
(19, 'Nusa Tenggara Barat', 'Nusa Tenggara Barat, yang terdiri dari berbagai pulau indah termasuk Pulau Lombok, menawarkan hidangan-hidangan tradisional yang lezat dan memikat hati. Dikenal sebagai \"Kelezatan Tradisional di Pulau Lombok\", provinsi ini mempersembahkan cita rasa yang autentik dan menggugah selera.', 'https://static.promediateknologi.id/crop/0x0:0x0/750x500/webp/photo/lombokpost/2020/08/Monumen-Mataram-Metro-1.jpg'),
(20, 'Nusa Tenggara Timur', 'Nusa Tenggara Timur, dengan keindahan alamnya yang memukau dan budayanya yang kaya, juga menawarkan hidangan-hidangan yang lezat dan unik. Dikenal sebagai \"Keajaiban Rasa di Tanah Sumba\", provinsi ini mempersembahkan cita rasa yang autentik dan menggugah selera.', 'https://assets.promediateknologi.id/crop/0x0:0x0/750x500/webp/photo/2023/04/24/IMG_20230424_161431JPG-3191915746.jpg'),
(21, 'Papua', 'Papua, dengan kekayaan alamnya yang melimpah dan keanekaragaman budayanya yang kaya, menawarkan hidangan-hidangan yang lezat dan autentik. Dikenal sebagai \"Keanekaragaman Kuliner di Tanah Papua\", provinsi ini mempersembahkan cita rasa yang unik dan menggugah selera.', 'https://www.malanesia.news/wp-content/uploads/2023/06/MN-123.jpg'),
(22, 'Papua Barat', 'Papua Barat, yang terletak di ujung barat Pulau Papua, juga memiliki kekayaan kuliner yang unik dan memikat. Dikenal sebagai \"Kelezatan Tradisional di Ujung Pulau Papua\", provinsi ini menawarkan hidangan-hidangan yang autentik dan kaya akan cita rasa.', 'https://upload.wikimedia.org/wikipedia/commons/thumb/f/f9/Mansinam_Jesus_Statue.jpg/800px-Mansinam_Jesus_Statue.jpg'),
(23, 'Riau', 'Riau, yang terletak di Pulau Sumatera, adalah tempat bagi kekayaan kuliner Indonesia. Dikenal dengan sebutan \"Keberagaman Rasa di Negeri Lancang Kuning\", provinsi ini menyajikan beragam hidangan yang memikat lidah. Budaya makanan di Riau tidak hanya mencerminkan kekayaan alamnya, tetapi juga sejarah, tradisi, dan keragaman budaya masyarakatnya.', 'https://asset.kompas.com/crops/NM7ghvrs5xW7fOk3VYw_LHZeWlk=/0x0:750x500/750x500/data/photo/2022/11/20/637a05f6b12f8.jpg'),
(24, 'Sulawesi Barat', 'Sulawesi Barat, yang terletak di ujung barat Pulau Sulawesi, juga memiliki kekayaan kuliner yang unik dan menggugah selera. Dikenal sebagai \"Kelezatan Rasa di Tanah Mandar\", provinsi ini menawarkan hidangan-hidangan yang autentik dan kaya akan cita rasa.', 'https://asset.kompas.com/crops/Km0OWa5nRmRW1UDzf_hcWtpOlH8=/32x0:872x560/750x500/data/photo/2022/03/17/62330f81605e4.jpg'),
(25, 'Sulawesi Tengah', 'Sulawesi Tengah, yang terletak di bagian tengah Pulau Sulawesi, juga memiliki kekayaan kuliner yang unik dan menggugah selera. Dikenal sebagai \"Kelezatan Rasa di Tanah Minahasa\", provinsi ini menawarkan hidangan-hidangan yang autentik dan kaya akan cita rasa.', 'https://asset.kompas.com/crops/pQJw6Uev6aKr4EQNEqgwMDvan3M=/82x11:670x403/750x500/data/photo/2022/08/08/62f0e39a1dee7.jpeg'),
(26, 'Sulawesi Tenggara\r\n', 'Sulawesi Tenggara, yang terletak di bagian tenggara Pulau Sulawesi, juga memiliki kekayaan kuliner yang unik dan memikat. Dikenal sebagai \"Keindahan Rasa di Tanah Mekongga\", provinsi ini menawarkan hidangan-hidangan yang autentik dan kaya akan cita rasa.', 'https://labrita.id/gambar_berita/8.JPG'),
(27, 'Sulawesi Utara', 'Sulawesi Utara, yang terletak di ujung utara Pulau Sulawesi, juga memiliki kekayaan kuliner yang unik dan menggugah selera. Dikenal sebagai \"Kelezatan Rasa di Tanah Minahasa\", provinsi ini menawarkan hidangan-hidangan yang autentik dan kaya akan cita rasa.', 'https://asset.kompas.com/crops/FwwXToO5AAU9BsTb2D9JOSbC1CM=/292x0:1000x472/750x500/data/photo/2022/02/21/621274c0b7d7c.jpg'),
(28, 'Sulawesi Selatan', 'Sulawesi Selatan, dengan kekayaan budayanya yang beragam dan keindahan alamnya yang memukau, juga menawarkan hidangan-hidangan yang lezat dan unik. Dikenal sebagai \"Kekayaan Rasa di Bumi Andalas\", provinsi ini mempersembahkan cita rasa yang autentik dan khas.', 'https://halilintarnews.id/wp-content/uploads/2022/03/IMG-20220313-WA0017.jpg'),
(29, 'Papua Tengah', 'Papua Tengah, dengan kekayaan alamnya yang luar biasa dan keanekaragaman budayanya yang kaya, menawarkan hidangan-hidangan yang lezat dan unik. Dikenal sebagai \"Kenikmatan Kuliner di Tanah Tinggi Papua\", provinsi ini mempersembahkan cita rasa yang autentik dan khas.', 'https://asset-2.tstatic.net/papua/foto/bank/images/kawasan-kantor-bupati-nabire.jpg'),
(30, 'Papua Selatan', 'Papua Selatan, dengan keindahan alamnya yang memukau dan keberagaman budayanya yang kaya, juga menawarkan hidangan-hidangan yang lezat dan unik. Dikenal sebagai \"Kuliner Khas di Ujung Timur Indonesia\", provinsi ini mempersembahkan cita rasa yang autentik dan khas.', 'https://asset.kompas.com/crops/H92KL_UrG3wurrTJIqP56rOSPnU=/0x0:750x500/750x500/data/photo/2022/02/03/61fb5123d575d.jpg'),
(31, 'Papua Barat Daya', 'Papua Barat Daya, yang terletak di ujung barat Pulau Papua, juga memiliki kekayaan kuliner yang unik dan memikat. Dikenal sebagai \"Pesona Kuliner di Pulau Raja Ampat\", provinsi ini menawarkan hidangan-hidangan yang autentik dan kaya akan cita rasa.', 'https://asset-2.tstatic.net/papuabarat/foto/bank/images/Kota-Sorong-lm.jpg'),
(32, 'Papua Pegunungan', 'Papua Pegunungan Jayawijaya, terletak di puncak Indonesia, menyuguhkan kekayaan alam dan budaya yang mengagumkan. Dikenal sebagai \"Memetik Kelezatan di Lereng Gunung Tertinggi\", wilayah ini menawarkan hidangan-hidangan tradisional yang memperkaya pengalaman kuliner Anda.', 'https://bangunpapua.com/storage/2022/07/Kota-Wamena.jpeg'),
(33, 'Bangka Belitung', 'Bangka Belitung, terkenal dengan keindahan pantainya yang eksotis, juga menyajikan ragam hidangan laut yang lezat dan unik. Dikenal sebagai \"Sajian Lautan Rasa dari Pulau Seribu Pantai\", provinsi ini menghadirkan cita rasa yang segar dan autentik yang tidak dapat ditemukan di tempat lain.', 'https://www.gardaoto.com/wp-content/uploads/2023/10/f10f7e355118ff6de40e8eb4f0d57896.jpg'),
(34, 'Banda Aceh', 'Banda Aceh, ibu kota Provinsi Aceh, menawarkan kekayaan kuliner yang mencerminkan budaya dan sejarahnya yang kaya. Terletak di ujung utara Pulau Sumatra, kota ini dikenal akan hidangan lautnya yang lezat dan rempah-rempah yang melimpah.', 'https://upload.wikimedia.org/wikipedia/commons/b/b8/Meuseujid_Raya_Baiturrahman%2C_Aceh.jpg'),
(35, 'Bali', 'Bali, dengan keindahan alamnya yang memukau dan budaya yang kaya, juga menawarkan pengalaman kuliner yang tak terlupakan. Dikenal sebagai \"Surga Kuliner Tropis di Pulau Dewata\", Bali mempersembahkan ragam hidangan lezat yang mencerminkan kekayaan alam dan budaya pulau ini.', 'https://i0.wp.com/blog.eigeradventure.com/wp-content/uploads/2023/06/Untitled-design-11.jpg?fit=800%2C594&ssl=1'),
(36, 'Banten', 'Banten, dengan kekayaan alamnya yang melimpah dan sejarahnya yang kaya, menawarkan hidangan-hidangan yang lezat dan beragam. Dikenal sebagai \"Kelezatan Laut dan Daratan di Tanah Serang\", provinsi ini mempersembahkan cita rasa yang autentik dan menggugah selera.', 'https://asset.kompas.com/crops/_i1RkpLoZ-G0TAXkDKoLf-9Gnp0=/23x11:964x639/750x500/data/photo/2022/03/12/622ca58e77830.jpg'),
(37, 'Bengkulu', 'Bengkulu, dengan keindahan alamnya yang menakjubkan dan warisan budayanya yang kaya, juga menawarkan hidangan-hidangan yang memikat lidah. Dikenal sebagai \"Dapur Rasa di Tanah Rafflesia\", provinsi ini menghadirkan cita rasa yang autentik dan menggugah selera.', 'https://static.promediateknologi.id/crop/0x0:0x0/750x500/webp/photo/p1/10/2024/01/24/bengkulu-okeee-2928737172.jpg'),
(38, 'Daerah Istimewa Yogyakarta', 'Daerah Istimewa Yogyakarta, dengan kekayaan budaya dan sejarahnya yang mendalam, juga menawarkan ragam hidangan lezat yang mencerminkan warisan kuliner Nusantara. Di tengah gemerlapnya keraton dan keindahan alamnya, Yogyakarta mempersembahkan cita rasa yang menggugah selera dan memikat hati pengunjung.', 'https://www.gotravelaindonesia.com/wp-content/uploads/Kota-Yogyakarta-Tugu-Jogja.jpg');

-- --------------------------------------------------------

--
-- Struktur dari tabel `makanans`
--

CREATE TABLE `makanans` (
  `id` int(128) NOT NULL,
  `name` varchar(50) NOT NULL,
  `publisher` varchar(50) NOT NULL,
  `description` mediumtext NOT NULL,
  `tingkatSulit` varchar(20) NOT NULL,
  `waktu` varchar(20) NOT NULL,
  `rating` varchar(11) NOT NULL,
  `image` varchar(350) NOT NULL,
  `bahan` varchar(5000) NOT NULL,
  `daerahId` varchar(128) NOT NULL
) ENGINE=InnoDB DEFAULT CHARSET=utf8mb4 COLLATE=utf8mb4_general_ci;

--
-- Dumping data untuk tabel `makanans`
--

INSERT INTO `makanans` (`id`, `name`, `publisher`, `description`, `tingkatSulit`, `waktu`, `rating`, `image`, `bahan`, `daerahId`) VALUES
(1, 'Surabi', 'Gilang', 'Surabi adalah makanan tradisional khas dari Jawa Barat, Indonesia. Surabi dibuat dari adonan berbahan dasar tepung beras yang dicampur dengan santan, kemudian dipanggang hingga matang. Makanan ini biasanya disajikan dengan topping yang beragam, seperti gula merah cair atau serundeng (kelapa parut goreng). Surabi memiliki tekstur yang kenyal dan rasa yang gurih, cocok dinikmati sebagai camilan atau makanan penutup. <br>\r\n\r\n\r\n', 'Rendah', '1 Jam', '4.8', 'https://thumb.viva.id/vivabandung/665x374/2023/09/04/64f581e1085dc-ilustrasi-resep-surabi-makanan-khas-indoensia_bandung.jpg', '\r\n<b>Bahan-Bahan Surabi</b>:<br>\r\n<b>Bahan Utama</b>:<br>\r\nTepung Beras - 250 gram <br>\r\nSantan Kental - 500 ml <br>\r\nAir - 100 ml <br>\r\nKelapa Parut - 50 gram <br>\r\nGaram - 1/2 sdt <br><br>\r\n\r\n<b>Bahan Pelengkap</b>:<br>\r\nGula Merah Cair - 200 ml (gula merah dicairkan dengan air) <br>\r\nSerundeng - 100 gram (kelapa parut goreng) <br>\r\nGula Pasir - 1 sdm (opsional) <br>\r\nPandan atau Vanili - 1/2 sdt (opsional) <br>\r\nRagi Instan - 1/2 sdt (opsional) <br><br>\r\n\r\n<b>Cara Memasak</b>:<br>\r\n\r\nCampurkan tepung beras, santan, air, kelapa parut, dan garam. Aduk rata hingga adonan halus.<br>\r\nDiamkan adonan selama 1 jam agar mengembang (jika menggunakan ragi instan).<br>\r\nPanaskan cetakan surabi di atas tungku atau kompor dengan api kecil.<br>\r\nTuangkan adonan surabi ke dalam cetakan, masak hingga bagian bawahnya kecoklatan dan bagian atasnya matang.<br>\r\nAngkat dan sajikan surabi dengan gula merah cair, serundeng, atau topping sesuai selera.<br><br>', '1'),
(2, 'Pengkang', 'Gilang', 'Pengkang adalah makanan tradisional dari Kalimantan Barat, Indonesia. Terbuat dari ketan yang diisi dengan udang ebi, kemudian dibungkus daun pisang dan dipanggang hingga matang. Makanan ini memiliki rasa gurih dan aroma yang khas dari daun pisang. \r\n\r\n<br>\r\n', 'Sulit', '2 Jam', '4.7', 'https://asset.kompas.com/crops/ziyL3d140VlgLEUIp-Vca-QL3R4=/0x4:992x665/750x500/data/photo/2022/06/24/62b5811290a7c.jpg', '<b>Bahan-Bahan Pengkang</b> <br>\r\n<b>Bahan Utama</b>:<br>\r\nBeras Ketan - 500 gram <br>\r\nSantan - 500 ml <br>\r\nGaram - 1 sendok teh <br>\r\nDaun Pisang - secukupnya <br><br>\r\n\r\n<b>Bahan Isian</b>:<br>\r\nUdang Ebi - 100 gram, rendam dan cincang halus <br>\r\nBawang Merah - 4 siung, iris halus <br>\r\nBawang Putih - 2 siung, iris halus <br>\r\nGula Merah - 1 sendok makan <br>\r\nGaram - secukupnya <br><br>\r\n<b>Cara Memasak</b>:<br>\r\n\r\nLumuri ikan baung dengan air jeruk nipis dan garam, diamkan selama 15 menit.<br>\r\nTumis bumbu halus hingga harum.<br>\r\nLumuri ikan dengan bumbu tumis, diamkan selama 30 menit.<br>\r\nPanggang ikan di atas bara api hingga matang dan beraroma harum.<br>\r\nSajikan pengkang dengan nasi putih dan sambal terasi.<br>', '9'),
(3, 'Lempah', 'Thoriq', 'Lempah adalah hidangan sup ikan khas dari Bangka Belitung, Indonesia. Dimasak dengan bumbu kunyit, asam, dan rempah-rempah, lempah memiliki rasa asam pedas yang segar. \r\n<br>\r\n', 'Rendah', '1 Jam', '4.7', 'https://wonderful.pangkalpinangkota.go.id/wp-content/uploads/2020/10/unnamed-1.jpg', '<b>Bahan-Bahan Lempah</b> <br>\r\n<b>Bahan Utama</b>:<br>\r\nIkan Tenggiri - 500 gram, potong-potong <br>\r\nAir Asam Jawa - 100 ml <br>\r\nDaun Salam - 2 lembar <br>\r\nSerai - 2 batang, memarkan <br><br>\r\n\r\n<b>Bumbu Halus</b>:<br>\r\nBawang Merah - 6 butir <br>\r\nBawang Putih - 3 siung <br>\r\nKunyit - 2 cm <br>\r\nJahe - 1 cm <br>\r\nCabai Merah - 5 buah <br>\r\nGaram dan Gula - secukupnya <br><br>\r\n\r\n<b>Cara Memasak</b>:<br>\r\n\r\nRebus ikan baung hingga matang, tambahkan serai, daun jeruk, dan asam kandis.<br>\r\nTumis bumbu halus hingga harum, tambahkan ke dalam rebusan ikan.<br>\r\nMasukkan daun melinjo, garam, dan gula. Masak hingga bumbu meresap.<br>\r\nSajikan lempah panas dengan nasi putih.<br>', '33'),
(4, 'Mandai', 'Gilang', 'Mandai adalah makanan tradisional dari Kalimantan Selatan, Indonesia. Terbuat dari kulit cempedak yang difermentasi dan digoreng. Mandai memiliki rasa yang gurih dan tekstur yang unik. \r\n<br>\r\n', 'rendah', '7 Jam', '4.7', 'https://www.djkn.kemenkeu.go.id/files/images/2023/01/mandai1-604602d1e32c477f72741f53.jpg', '<b>Bahan-Bahan Mandai</b> <br>\r\n<b>Bahan Utama</b>:<br>\r\nKulit Cempedak - 500 gram, potong-potong <br>\r\nGaram - 2 sendok makan <br>\r\nAir - secukupnya untuk merendam <br><br>\r\n\r\n<b>Cara Membuat Mandai</b>:<br>\r\n\r\nFermentasi: <br>\r\nRendam potongan kulit cempedak dalam air garam selama 2-3 hari.<br>\r\nPenggorengan: <br>\r\nTiriskan kulit cempedak, goreng hingga kecoklatan dan garing.<br>\r\n\r\n<b>Cara Membuat Mandai</b>:<br>\r\n\r\nFermentasi: <br>\r\nRendam potongan kulit cempedak dalam air garam selama 2-3 hari.<br>\r\nPenggorengan: <br>\r\nTiriskan kulit cempedak, goreng hingga kecoklatan dan garing.<br>', '6'),
(5, 'Bika Ambon', 'Gilang', 'Bika Ambon adalah kue tradisional dari Medan, Sumatera Utara, Indonesia. Kue ini terkenal dengan teksturnya yang berserat dan rasa yang manis serta aroma harum dari pandan dan serai. \r\n<br>\r\n', 'rendah', '7 Jam', '4.7', 'https://cdn1-production-images-kly.akamaized.net/QDSCMLfnZLj1GJzeRwLcIjaf_b0=/1200x675/smart/filters:quality(75):strip_icc():format(jpeg)/kly-media-production/medias/842440/original/083135300_1427970222-bikaambon.jpg', '<b>Bahan-Bahan Bika Ambon</b>:<br>\r\nTepung Tapioka - 200 gram <br>\r\nTepung Terigu - 100 gram <br>\r\nGula Pasir - 200 gram <br>\r\nTelur - 5 butir <br>\r\nRagi Instan - 1 sdm <br>\r\nSerai - 1 batang (memarkan) <br>\r\nDaun Jeruk - 5 lembar <br>\r\nSantan Kental - 400 ml <br><br>\r\n\r\n<b>Cara Memasak</b>:<br>\r\n\r\nCampurkan ragi instan dengan sedikit air hangat, biarkan mengembang.<br>\r\nRebus santan dengan serai dan daun jeruk hingga harum, angkat dan dinginkan.<br>\r\nKocok telur dan gula hingga mengembang.<br>\r\nMasukkan campuran tepung terigu dan tepung tapioka, aduk rata.<br>\r\nTambahkan santan sedikit demi sedikit sambil terus diaduk.<br>\r\nMasukkan ragi, aduk rata dan diamkan selama 2 jam.<br>\r\nPanaskan oven, tuang adonan ke dalam loyang dan panggang selama 1 jam hingga matang.<br><br>', '11'),
(6, 'Mie Aceh', 'Gilang', 'Mie Aceh adalah makanan khas dari Kota Banda Aceh, Aceh. Terbuat dari mie kuning yang disajikan dengan kuah khas rempah-rempah Aceh, seperti kari dan daging sapi atau seafood. Mie Aceh dikenal karena kelezatan kuahnya yang kaya rempah.\r\n<br>\r\n', 'rendah', '7 Jam', '4.7', 'https://asset.kompas.com/crops/7tBNI9-TCa-oOq8tQTahf0ua1fg=/0x0:968x645/750x500/data/photo/2021/01/27/6010ce2cc1805.jpg', '<b>Bahan-Bahan Mie Aceh</b>:<br>\r\n<b>Bahan Utama</b>:<br>\r\nMie Kuning - 500 gram <br>\r\nDaging Sapi/Kambing - 250 gram (potong kecil) <br>\r\nDaun Bawang - 2 batang (iris) <br>\r\nDaun Salam - 3 lembar <br>\r\nTomat - 2 buah (potong-potong) <br>\r\nKecap Manis - 3 sdm <br>\r\nGaram - 1 sdt <br>\r\nGula - 1 sdt <br>\r\nAir - 1 liter <br>\r\nMinyak - secukupnya untuk menumis <br><br>\r\n\r\n<b>Bumbu Halus</b>:<br>\r\nBawang Putih - 5 siung <br>\r\nBawang Merah - 7 siung <br>\r\nCabai Merah - 5 buah <br>\r\nKemiri - 3 butir <br>\r\nKetumbar - 1 sdt <br>\r\nJintan - 1 sdt <br>\r\nKunyit - 1 cm <br>\r\nJahe - 1 cm <br><br>\r\n\r\n<b>Cara Memasak</b>:<br>\r\n\r\nTumis bumbu halus hingga harum.<br>\r\nMasukkan daging, masak hingga berubah warna.<br>\r\nTambahkan daun salam dan tomat, aduk rata.<br>\r\nTuangkan air, masak hingga daging empuk.<br>\r\nTambahkan mie kuning, kecap manis, garam, dan gula. Aduk rata.<br>\r\nMasak hingga mie matang dan bumbu meresap.<br>\r\nSajikan dengan taburan daun bawang.<br><br>', '34'),
(7, 'Kerak Telor', 'Gilang', 'Kerak Telor adalah makanan khas dari Jakarta, Indonesia. Terbuat dari campuran beras ketan, telur ayam, dan bumbu-bumbu rempah, yang kemudian dipanggang hingga kecokelatan. Biasanya disajikan dengan bawang merah goreng dan cabai rawit.\r\n<br>\r\n', 'rendah', '10 Menit', '4.8', 'https://www.dapurkobe.co.id/wp-content/uploads/kerak-telor.jpg', '<b>Bahan-Bahan Kerak Telor</b>:<br>\r\nBeras Ketan Putih - 200 gram (rendam 2 jam) <br>\r\nTelur Bebek - 4 butir <br>\r\nKelapa Parut - 100 gram (sangrai) <br>\r\nBawang Goreng - 2 sdm <br>\r\nGaram - secukupnya <br><br>\r\n\r\n<b>Bumbu Halus</b>:<br>\r\nBawang Putih - 5 buah <br>\r\nBawang Merah - 10 butir <br>\r\nCabai Merah - 5 buah <br>\r\nKetumbar - 1 sdt <br>\r\nKencur - 2 cm <br><br>\r\n\r\n<b>Cara Memasak</b>:<br>\r\n\r\nCampurkan beras ketan yang telah direndam dengan bumbu halus.<br>\r\nPanaskan wajan, ambil sedikit adonan beras ketan, ratakan di wajan.<br>\r\nTuangkan telur bebek di atasnya, ratakan.<br>\r\nTaburi kelapa parut sangrai dan bawang goreng.<br>\r\nMasak dengan api kecil hingga kerak telor matang dan berwarna kecoklatan.<br>\r\nAngkat dan sajikan hangat.<br><br> ', '4'),
(8, 'Rawon', 'Gilang', 'Rawon adalah masakan khas Jawa Timur, Indonesia. Sup khas ini terbuat dari daging sapi yang dimasak dengan bumbu rempah khas, memberikan rasa kaya dengan warna hitam khasnya.\r\n<br>\r\n', 'rendah', '30 Menit', '4.8', 'https://asset.kompas.com/crops/YoZ-O9bR7rpbA9hexhPEpDqgGZc=/0x12:983x667/750x500/data/photo/2023/11/17/6556dc6484a92.jpg', '<b>Bahan-Bahan Rawon</b>:<br>\r\nDaging Sapi - 500 gram (potong dadu) <br>\r\nSantan - 1 liter <br>\r\nDaun Salam - 3 lembar <br>\r\nSerai - 2 batang (memarkan) <br>\r\nKluwek - 5 butir (ambil isinya, rendam) <br>\r\nGaram - secukupnya <br>\r\nGula - secukupnya <br><br>\r\n\r\n<b>Bumbu Halus</b>:<br>\r\nBawang Putih - 5 siung <br>\r\nBawang Merah - 8 butir <br>\r\nKemiri - 3 butir <br>\r\nKetumbar - 1 sdt <br>\r\nKunyit - 2 cm <br>\r\nJahe - 2 cm <br><br>\r\n\r\n<b>Cara Memasak</b>:<br>\r\n\r\nTumis bumbu halus hingga harum.<br>\r\nMasukkan daging sapi, aduk hingga berubah warna.<br>\r\nTuangkan santan, tambahkan daun salam, serai, dan kluwek.<br>\r\nMasak dengan api kecil hingga daging empuk dan kuah mengental.<br>\r\nTambahkan garam dan gula secukupnya.<br>\r\nSajikan rawon dengan nasi, tauge, dan sambal.<br>', '3'),
(9, 'Nasi Uduk', 'Gilang', 'Nasi Uduk adalah masakan khas DKI Jakarta, Indonesia. Nasi yang khas ini dimasak dengan bumbu rempah khas, memberikan rasa yang kaya akan wangi khasnya.\r\n<br>\r\n', 'rendah', '30 Menit', '4.8', 'https://asset.kompas.com/crops/v6CfIMJClla33MnID_vqw9m8mjw=/100x67:900x600/750x500/data/photo/2021/02/21/603203834f00f.jpg', '\r\n<b>Bahan-Bahan Nasi Uduk</b> <br>\r\n<b>Bahan Utama</b>:<br>\r\nBeras - 500 gram, cuci bersih <br>\r\nSantan Kental - 800 ml <br>\r\nDaun Salam - 3 lembar <br>\r\nSerai - 2 batang, memarkan <br>\r\nDaun Pandan - 2 lembar, simpulkan <br>\r\nGaram - 1 sendok teh <br><br>\r\n\r\n<b>Lauk Pelengkap</b>:<br>\r\nAyam Goreng - secukupnya <br>\r\nTelur Rebus - secukupnya <br>\r\nTahu dan Tempe Goreng - secukupnya <br>\r\nSambal Kacang - secukupnya <br>\r\nBawang Goreng - secukupnya <br><br>\r\n\r\n<b>Cara Membuat Nasi Uduk</b>:', '4'),
(10, 'Gudeg', 'Gilang', 'Gudeg adalah makanan khas Yogyakarta, Indonesia, yang terbuat dari nangka muda yang dimasak dengan santan dan berbagai rempah-rempah. Gudeg memiliki rasa manis dan gurih, dan biasanya disajikan dengan ayam, tel<br>\r\n', 'Sedang', '5-6 jam', '4,9', 'https://asset.kompas.com/crops/lU3xDz9UDCYg9qWpqGqyuTTq5CQ=/23x0:868x563/750x500/data/photo/2022/07/12/62ccebf61f9ce.jpeg', '<b>Bahan-Bahan Gudeg</b>:<br>\r\nNangka Muda - 1 kg (potong-potong) <br>\r\nSantan Kental - 1 liter <br>\r\nDaun Salam - 5 lembar <br>\r\nSerai - 2 batang (memarkan) <br>\r\nGula Merah - 100 gram (iris) <br>\r\nGaram - secukupnya <br><br>\r\n\r\n<b>Bumbu Halus</b>:<br>\r\nBawang Putih - 6 siung <br>\r\nBawang Merah - 10 butir <br>\r\nKemiri - 5 butir <br>\r\nKetumbar - 1 sdt <br>\r\nKencur - 2 cm <br><br>\r\n\r\n<b>Cara Memasak</b>:<br>\r\n\r\nRebus nangka muda dengan air hingga setengah empuk, tiriskan.<br>\r\nTumis bumbu halus bersama daun salam dan serai hingga harum.<br>\r\nMasukkan nangka muda, aduk rata.<br>\r\nTuangkan santan, tambahkan gula merah dan garam.<br>\r\nMasak dengan api kecil hingga nangka muda empuk dan bumbu meresap.<br>\r\nSajikan gudeg dengan nasi dan pelengkap seperti ayam opor dan telur pindang.<br><br>ur, tahu, dan sambal krecek. ', '38'),
(11, 'Papeda', 'Gilang', 'Papeda adalah makanan khas dari Papua, papeda termasuk makanan pokok yang terbuat dari sagu yang dimasak hingga menjadi bubur kental dan lengket. Papeda biasanya disajikan dengan ikan kuah kuning.<b>Bahan Papeda</b>:<br>\r\nTepung Sagu - 200 gram <br>\r\nAir Panas - 1 liter <br><br>\r\n', 'Rendah', '30 Menit', '4.8', 'https://asset-2.tstatic.net/sorong/foto/bank/images/Kumpulan-resep-papeda-gulung.jpg', '\r\n<b>Cara Memasak Papeda</b>:<br>\r\n1. Campurkan tepung sagu dengan sedikit air dingin hingga larut.<br>\r\n2. Tuangkan air panas sedikit demi sedikit sambil diaduk hingga menjadi bubur kental.<br><br>\r\n\r\n<b>Bahan Ikan Kuah Kuning</b>:<br>\r\nIkan Kakap atau Tongkol - 500 gram (potong-potong) <br>\r\nAir - 1 liter <br>\r\nSerai - 2 batang (memarkan) <br>\r\nDaun Jeruk - 2 lembar <br>\r\nDaun Salam - 2 lembar <br>\r\nLengkuas - 1 cm (memarkan) <br>\r\nGaram dan Gula - secukupnya <br><br>\r\n\r\n<b>Bumbu Halus</b>:<br>\r\nBawang Merah - 5 butir <br>\r\nBawang Putih - 3 siung <br>\r\nCabai Merah - 2 buah <br>\r\nKunyit - 2 cm <br>\r\nJahe - 1 cm <br><br>\r\n\r\n<b>Cara Memasak Ikan Kuah Kuning</b>:<br>\r\n1. Tumis bumbu halus, serai, daun jeruk, daun salam, dan lengkuas hingga harum.<br>\r\n2. Tambahkan air, biarkan mendidih.<br>\r\n3. Masukkan potongan ikan, tambahkan garam dan gula.<br>\r\n4. Masak hingga ikan matang dan bumbu meresap.<br>\r\n', '21'),
(12, 'Juhu Singkah', 'Gilang', 'Juhu Singkah adalah makanan khas Kalimantan Tengah yang terbuat dari batang kelapa muda yang dimasak dengan santan dan bumbu rempah.\r\n<br>\r\n', 'Menengah', '1 Jam', '4.7', 'https://cdn.idntimes.com/content-images/community/2020/09/fromandroid-f8cf48e02cb96e5c86c61f02d6f707c8.jpg', '<b>Bahan-Bahan Juhu Singkah</b>:<br>\r\nBatang Kelapa Muda - 500 gram (iris tipis) <br>\r\nSantan - 500 ml <br>\r\nDaun Salam - 3 lembar <br>\r\nSerai - 2 batang (memarkan) <br>\r\nGaram - secukupnya <br>\r\nGula - secukupnya <br><br>\r\n\r\n<b>Bumbu Halus</b>:<br>\r\nBawang Putih - 5 siung <br>\r\nBawang Merah - 8 butir <br>\r\nCabai Merah - 5 buah <br>\r\nKemiri - 3 butir <br>\r\nKunyit - 2 cm <br><br>\r\n\r\n<b>Cara Memasak</b>:<br>\r\n\r\nTumis bumbu halus bersama daun salam dan serai hingga harum.<br>\r\nMasukkan batang kelapa muda, aduk rata.<br>\r\nTuangkan santan, tambahkan garam dan gula.<br>\r\nMasak dengan api kecil hingga batang kelapa muda empuk dan bumbu meresap.<br>\r\nSajikan juhu singkah dengan nasi putih.<br><br>', '5'),
(13, 'Sate Bandeng', 'Gilang', 'Sate Bandeng adalah makanan khas dari Banten, sate yang terbuat dari ikan bandeng yang dihaluskan dan dicampur dengan bumbu, kemudian dipanggang.<br>\r\n', 'Rendah', '30 Menit', '4.8', 'https://asset.kompas.com/crops/4UfXhXtR7hK2atnUpqKRHGbhFuk=/3x0:700x465/750x500/data/photo/2021/02/16/602b2a91ca7f1.jpg', '<b>Bahan-Bahan Sate Bandeng</b>:<br>\r\nIkan Bandeng - 2 ekor (ambil dagingnya, haluskan) <br>\r\nKelapa Parut - 100 gram (sangrai) <br>\r\nTelur - 2 butir <br>\r\nGaram - secukupnya <br>\r\nGula - secukupnya <br>\r\nTusuk Sate - secukupnya <br><br>\r\n\r\n<b>Bumbu Halus</b>:<br>\r\nBawang Putih - 4 siung <br>\r\nBawang Merah - 6 butir <br>\r\nKetumbar - 1 sdt <br>\r\nKunyit - 2 cm <br>\r\nJahe - 2 cm <br><br>\r\n\r\n<b>Cara Memasak</b>:<br>\r\n\r\nCampurkan daging bandeng yang telah dihaluskan dengan kelapa parut, bumbu halus, garam, dan gula.<br>\r\nTambahkan telur, aduk rata hingga adonan bisa dipulung.<br>\r\nBentuk adonan menjadi bulatan kecil, tusuk dengan tusuk sate.<br>\r\nPanggang sate bandeng di atas bara api hingga matang dan berwarna kecoklatan.<br>\r\nSajikan sate bandeng dengan sambal atau saus kacang.<br>', '36'),
(14, 'Ayam Betutu', 'Thoriq', 'Ayam Betutu adalah makanan khas Bali, ayam betutu merupakan masakan ayam yang dimasak dengan bumbu khas Bali dan dibungkus daun pisang, kemudian dipanggang atau dikukus.\r\n<br>\r\n', 'Menengah', '1 Jam', '4.8', 'https://asset.kompas.com/crops/Lpg6MxwWO4jfpHasJNn2D1upEtw=/0x205:911x813/750x500/data/photo/2022/03/02/621f126f21f5c.jpg', '\r\n<b>Bahan-Bahan Ayam Betutu</b>:<br>\r\nAyam Kampung - 1 ekor (bersihkan) <br>\r\nDaun Pisang - secukupnya (untuk membungkus) <br>\r\nDaun Salam - 3 lembar <br>\r\nSerai - 2 batang (memarkan) <br>\r\nGaram - secukupnya <br>\r\nGula - secukupnya <br><br>\r\n\r\n<b>Bumbu Halus</b>:<br>\r\nBawang Putih - 8 siung <br>\r\nBawang Merah - 12 butir <br>\r\nCabai Merah - 10 buah <br>\r\nKemiri - 5 butir <br>\r\nKunyit - 3 cm <br>\r\nJahe - 3 cm <br>\r\nLengkuas - 3 cm <br>\r\nTerasi - 1 sdt <br><br>\r\n\r\n<b>Cara Memasak</b>:<br>\r\n\r\nCampurkan ayam dengan bumbu halus, daun salam, serai, garam, dan gula. Aduk rata.<br>\r\nBungkus ayam dengan daun pisang.<br>\r\nKukus ayam selama 2-3 jam hingga matang dan bumbu meresap.<br>\r\nAngkat dan panggang ayam betutu hingga daun pisang kering dan ayam berwarna kecoklatan.<br>\r\nSajikan ayam betutu dengan nasi dan sambal matah.<br>', '35'),
(15, 'Ayam Taliwang', 'Thoriq', 'Ayam Taliwang adalah masakan ayam bakar khas Nusa Tenggara Barat yang dibumbui dengan rempah-rempah khas Lombok.\r\n\r\n<br>\r\n', 'Menengah', '1 Jam', '4.8', 'https://asset.kompas.com/crops/-oAqlkfrKHaqebhytdtKz-JV6ls=/4x0:1000x664/750x500/data/photo/2020/12/22/5fe16c7655542.jpg', '<b>Bahan-Bahan Ayam Taliwang</b>:<br>\r\nAyam Kampung - 1 ekor (belah menjadi dua bagian) <br>\r\nAir Asam Jawa - 3 sdm <br>\r\nGaram - secukupnya <br>\r\nMinyak - untuk menumis <br><br>\r\n\r\n<b>Bumbu Halus</b>:<br>\r\nCabai Merah - 10 buah <br>\r\nCabai Rawit - 5 buah <br>\r\nBawang Putih - 5 siung <br>\r\nBawang Merah - 8 butir <br>\r\nTomat - 2 buah <br>\r\nTerasi Bakar - 1 sdt <br>\r\nKencur - 2 cm <br><br>\r\n\r\n<b>Cara Memasak</b>:<br>\r\n\r\nLumuri ayam dengan air asam jawa dan garam, diamkan selama 30 menit.<br>\r\nTumis bumbu halus hingga harum.<br>\r\nLumuri ayam dengan bumbu tumis hingga merata.<br>\r\nPanggang ayam di atas bara api hingga matang dan berwarna kecoklatan.<br>\r\nSajikan ayam taliwang dengan plecing kangkung dan nasi putih.<br>', '19'),
(16, 'Se\'i', 'Gilang', 'Se\'i adalah makanan khas daerah NTT yang terbuat dari daging sapi atau babi yang diasap dengan kayu kosambi hingga matang dan memiliki aroma khas.\r\n\r\n<br>\r\n', 'Menengah', '1 Jam', '4.5', 'https://imgx.parapuan.co/crop/0x0:0x0/945x630/photo/2021/10/27/5f13ac00c83fbjpg-20211027013121.jpg', '<b>Bahan-Bahan Se\'i</b>:<br>\r\nDaging Sapi/Babi - 1 kg (iris tipis memanjang) <br>\r\nGaram - secukupnya <br>\r\nMerica - secukupnya <br>\r\nKayu Kosambi - secukupnya (untuk pengasapan) <br><br>\r\n\r\n<b>Cara Memasak</b>:<br>\r\n\r\nLumuri daging dengan garam dan merica, diamkan selama 30 menit.<br>\r\nSiapkan alat pengasapan dengan kayu kosambi.<br>\r\nAsap daging selama 5-6 jam hingga matang dan beraroma khas.<br>\r\nSajikan se\'i dengan sambal luat dan nasi putih.<br>', '20'),
(17, 'Lumpia Semarang', 'Thoriq', 'Lumpia Semarang adalah lumpia khas Semarang yang berisi rebung, ayam, dan udang yang dibungkus dengan kulit lumpia dan digoreng hingga renyah.<br>\r\n', 'Rendah', '30 Menit', '4.7', 'https://asset.kompas.com/crops/lehmXybxW_Br0kt8LrOlvlxmt8E=/59x38:939x625/750x500/data/photo/2022/05/05/62733af9841d8.jpg', '<b>Bahan-Bahan Lumpia Semarang</b>:<br>\r\nRebung - 200 gram (iris tipis) <br>\r\nDaging Ayam - 150 gram (cincang) <br>\r\nUdang - 100 gram (cincang) <br>\r\nTelur - 2 butir (kocok lepas) <br>\r\nKulit Lumpia - 20 lembar <br>\r\nBawang Putih - 3 siung (cincang halus) <br>\r\nBawang Merah - 5 siung (cincang halus) <br>\r\nKecap Manis - 2 sdm <br>\r\nGaram - secukupnya <br>\r\nGula - secukupnya <br>\r\nMinyak - untuk menggoreng <br><br>\r\n\r\n<b>Cara Memasak</b>:<br>\r\n\r\nTumis bawang putih dan bawang merah hingga harum.<br>\r\nMasukkan ayam dan udang, masak hingga berubah warna.<br>\r\nTambahkan rebung, kecap manis, garam, dan gula. Masak hingga rebung matang.<br>\r\nTuangkan telur kocok, aduk hingga tercampur rata dan matang. Angkat dan dinginkan.<br>\r\nAmbil selembar kulit lumpia, isi dengan adonan rebung, lipat dan gulung rapat.<br>\r\nGoreng lumpia dalam minyak panas hingga kuning kecoklatan dan renyah.<br>\r\nSajikan lumpia dengan saus sambal atau saus kacang.<br>', '2'),
(18, 'Seruit', 'Thoriq', 'Seruit adalah makanan khas Lampung yang terdiri dari ikan yang digoreng atau dibakar, kemudian dicampur dengan sambal terasi.<br>\r\nbr>', 'Rendah', '30 Menit', '4.7', 'https://asset.kompas.com/crops/PxLQ0ouv7n9sH6YqKKCJRUy54os=/116x0:1018x601/750x500/data/photo/2019/05/03/3776094973.jpg', '<b>Bahan-Bahan Seruit</b>:<br>\r\nIkan Tenggiri/Kakap - 1 kg <br>\r\nAir Asam Jawa - 3 sdm <br>\r\nGaram - secukupnya <br><br>\r\n\r\n<b>Sambal Terasi</b>:<br>\r\nCabai Merah - 10 buah <br>\r\nCabai Rawit - 5 buah <br>\r\nBawang Putih - 3 siung <br>\r\nBawang Merah - 5 siung <br>\r\nTerasi Bakar - 1 sdt <br>\r\nGaram - secukupnya <br>\r\nGula - secukupnya <br><br>\r\n\r\n<b>Cara Memasak</b>:<br>\r\n\r\nLumuri ikan dengan air asam jawa dan garam.<br>\r\nGoreng atau bakar ikan hingga matang.<br>\r\nHaluskan semua bahan sambal terasi, tumis hingga harum.<br>\r\nSajikan ikan dengan sambal terasi.<', '16'),
(19, 'Pempek', 'Gilang', 'Pempek adalah makanan khas Palembang yang terbuat dari ikan dan sagu, disajikan dengan kuah cuka yang asam manis pedas.<br>\r\n', 'rendah', '20 Menit', '4.8', 'https://asset.kompas.com/crops/LPTbmb14tDCmSay2EAvNihccDv0=/0x47:909x653/750x500/data/photo/2020/11/20/5fb76c4aa04bc.jpg', '<b>Bahan-Bahan Pempek</b>:<br>\r\nIkan Tenggiri - 500 gram (haluskan) <br>\r\nTepung Sagu - 250 gram <br>\r\nTelur - 2 butir <br>\r\nGaram - 1 sdt <br>\r\nAir - 200 ml <br><br>\r\n\r\n<b>Bahan Kuah Cuka</b>:<br>\r\nGula Merah - 200 gram <br>\r\nAir Asam Jawa - 100 ml <br>\r\nAir - 500 ml <br>\r\nBawang Putih - 5 siung (haluskan) <br>\r\nCabai Rawit - 10 buah (haluskan) <br>\r\nGaram - secukupnya <br><br>\r\n\r\n<b>Cara Memasak</b>:<br>\r\n\r\nCampurkan ikan tenggiri, telur, garam, dan air, aduk rata.<br>\r\nTambahkan tepung sagu sedikit demi sedikit hingga adonan bisa dipulung.<br>\r\nBentuk adonan sesuai selera (lenjer, kapal selam, dll).<br>\r\nRebus pempek dalam air mendidih hingga mengapung, angkat dan tiriskan.<br>\r\nUntuk kuah cuka, rebus semua bahan hingga mendidih dan gula larut.<br>\r\nSajikan pempek dengan kuah cuka.<br>', '10'),
(20, 'Pendap', 'Thoriq', 'Pendap adalah makanan khas Bengkulu yaitu berupa makanan ikan yang dibungkus dengan daun talas dan dimasak dengan bumbu rempah.\r\n', 'rendah', '30 Menit', '4.7', 'https://asset.kompas.com/crops/SNyqWpoU7Uoqvtl-aMdm3fnyuFU=/0x0:1000x667/750x500/data/photo/2020/07/22/5f184187b0bc1.jpg', '\r\n<br>\r\n<b>Bahan-Bahan Pendap</b>:<br>\r\nIkan Kembung/Tenggiri - 1 kg <br>\r\nDaun Talas - 10 lembar <br>\r\nKelapa Parut - 200 gram <br>\r\nSerai - 2 batang (memarkan) <br>\r\nGaram - secukupnya <br><br>\r\n\r\n<b>Bumbu Halus</b>:<br>\r\nBawang Putih - 6 siung <br>\r\nBawang Merah - 10 butir <br>\r\nCabai Merah - 5 buah <br>\r\nKunyit - 2 cm <br>\r\nJahe - 1 cm <br><br>\r\n\r\n<b>Cara Memasak</b>:<br>\r\n\r\nCampurkan ikan dengan kelapa parut, bumbu halus, serai, dan garam.<br>\r\nBungkus ikan dengan daun talas.<br>\r\nKukus ikan selama 1 jam hingga matang.<br>', '37'),
(21, 'Tempoyak', 'Thoriq', 'Tempoyak adalah sambal yang terbuat dari durian yang telah difermentasi yang merupakan makanan khas dari Jambi.', 'Rendah', '30 Menit', '4.8', 'https://img-cdn.medkomtek.com/37Q1avq3yd94jWrCWPD7YMqJKB0=/0x0/smart/filters:quality(100):format(webp)/article/1AqfbAjm_LxZf-vvhAaK_/original/077705300_1597213689-Sambal-Tempoyak-Bikin-Parah-Masalah-Asam-Lambung-Ini-Kata-Dokter-shutterstock_1492977269.jpg', '<br>\r\n<b>Bahan-Bahan Tempoyak</b>:<br>\r\nTempoyak - 200 gram (daging durian yang telah difermentasi) <br>\r\nCabai Merah - 5 buah <br>\r\nCabai Rawit - 10 buah <br>\r\nBawang Merah - 5 siung <br>\r\nGaram - secukupnya <br>\r\nGula - secukupnya <br><br>\r\n\r\n<b>Cara Memasak</b>:<br>\r\n\r\nHaluskan cabai merah, cabai rawit, dan bawang merah.<br>\r\nTumis bumbu halus hingga harum.<br>\r\nTambahkan tempoyak, garam, dan gula. Aduk rata.<br>\r\nMasak hingga bumbu meresap dan matang.<br>', '14'),
(22, 'Lendot', 'Thoriq', 'Lendot adalah makanan khas Kepulauan Riau yang terbuat dari sayuran dan seafood yang dimasak dalam kuah kental berbahan dasar sagu.\r\n<br>\r\n', 'Rendah', '1 Jam', '4.7', 'https://img-global.cpcdn.com/recipes/6e7812416ee6b0f3/680x482cq70/lendot-foto-resep-utama.jpg', '<b>Bahan-Bahan Lendot</b>:<br>\r\nKangkung - 200 gram <br>\r\nUdang Kecil - 150 gram <br>\r\nCumi-Cumi - 100 gram (potong-potong) <br>\r\nAir - 1 liter <br>\r\nSagu - 2 sdm (larutkan dengan sedikit air) <br>\r\nGaram - secukupnya <br><br>\r\n\r\n<b>Bumbu Halus</b>:<br>\r\nBawang Putih - 5 siung <br>\r\nBawang Merah - 5 siung <br>\r\nCabai Merah - 5 buah <br>\r\nKunyit - 2 cm <br><br>\r\n\r\n<b>Cara Memasak</b>:<br>\r\n\r\nTumis bumbu halus hingga harum.<br>\r\nMasukkan udang dan cumi, masak hingga berubah warna.<br>\r\nTambahkan air, biarkan mendidih.<br>\r\nMasukkan kangkung, garam, dan larutan sagu. Aduk rata.<br>\r\nMasak hingga kuah mengental dan kangkung matang.<br>', '15'),
(23, 'Gulai Ikan Patin', 'Thoriq', 'Gulai Ikan Patin adalah makanan khas Riau gulai ikan dengan kuah santan kental yang kaya rempah.<br>\r\n', 'Menengah', '1 Jam', '4.8', 'https://asset.kompas.com/crop/209x60:931x541/750x500/data/photo/2019/06/07/2823890915.jpeg', '<b>Bahan-Bahan Gulai Ikan Patin</b>:<br>\r\nIkan Patin - 1 kg (potong-potong) <br>\r\nSantan Kental - 500 ml <br>\r\nDaun Salam - 3 lembar <br>\r\nSerai - 2 batang (memarkan) <br>\r\nDaun Jeruk - 3 lembar <br>\r\nGaram - secukupnya <br>\r\nGula - secukupnya <br><br>\r\n\r\n<b>Bumbu Halus</b>:<br>\r\nBawang Putih - 6 siung <br>\r\nBawang Merah - 10 butir <br>\r\nCabai Merah - 5 buah <br>\r\nKunyit - 3 cm <br>\r\nJahe - 2 cm <br>\r\nKemiri - 3 butir <br><br>\r\n\r\n<b>Cara Memasak</b>:<br>\r\n\r\nTumis bumbu halus bersama daun salam, serai, dan daun jeruk hingga harum.<br>\r\nMasukkan ikan patin, aduk hingga tercampur rata.<br>\r\nTuangkan santan kental, tambahkan garam dan gula.<br>\r\nMasak dengan api kecil hingga ikan matang dan bumbu meresap.<br>', '23'),
(24, 'Rendang', 'Thoriq', 'Rendang adalah makanan khas Sumatera Barat, masakan yang dibuat daging yang kaya rempah dan dimasak dengan santan hingga kuahnya mengering dan bumbunya meresap sempurna ke dalam daging.\r\n', 'rendah', '1 Jam', '4.8', 'https://asset.kompas.com/crops/AWXtnkYHOrbSxSggVuTs3EzQprM=/10x36:890x623/750x500/data/photo/2023/03/25/641e5ef63dea4.jpg', '<br>\r\n<b>Bahan-Bahan Rendang</b>:<br>\r\n<b>Bahan Utama</b>:<br>\r\nDaging Sapi - 1 kg (potong dadu) <br>\r\nSantan - 1 liter <br>\r\nDaun Jeruk - 5 lembar <br>\r\nSerai - 2 batang (memarkan) <br>\r\nLengkuas - 2 cm (memarkan) <br>\r\nKayu Manis - 5 cm <br>\r\nCengkeh - 5 butir <br>\r\nKapulaga - 2 butir <br>\r\nAsam Kandis - 1 buah <br>\r\nGaram - secukupnya <br><br>\r\n\r\n<b>Bumbu Halus</b>:<br>\r\nCabai Merah Besar - 15 buah <br>\r\nBawang Merah - 10 butir <br>\r\nBawang Putih - 6 siung <br>\r\nKunyit - 2 cm <br>\r\nJahe - 3 cm <br><br>\r\n\r\n<b>Cara Memasak</b>:<br>\r\n\r\nTumis bumbu halus, serai, daun jeruk, lengkuas, kayu manis, cengkeh, dan kapulaga hingga harum.<br>\r\nMasukkan daging sapi, aduk hingga berubah warna.<br>\r\nTuangkan santan, tambahkan asam kandis dan garam.<br>\r\nMasak dengan api kecil hingga santan mengental dan bumbu meresap, sesekali diaduk agar tidak gosong.<br>\r\nLanjutkan memasak hingga rendang mengering dan berwarna coklat gelap.<br>', '12'),
(25, 'Ikan Bakar Rica-Rica', 'Thoriq', 'Ikan Bakar Rica-Rica adalah masakan khas Maluku berupa ikan bakar dengan bumbu rica-rica yang pedas dan harum\r\n<br>\r\n', 'Menengah', '1 Jam', '4.8', 'https://asset-a.grid.id/crop/0x0:0x0/700x465/photo/sasefoto/original/41722_ikan-bakar-rica-rica.jpg', '\r\n<b>Bahan-Bahan Ikan Bakar Rica-Rica</b>:<br>\r\nIkan Kakap - 1 ekor (bersihkan, belah menjadi dua bagian) <br>\r\nAir Jeruk Nipis - 3 sdm <br>\r\nGaram - secukupnya <br>\r\nMinyak - untuk menumis <br><br>\r\n\r\n<b>Bumbu Rica-Rica</b>:<br>\r\nCabai Merah - 10 buah <br>\r\nCabai Rawit - 5 buah <br>\r\nBawang Putih - 5 siung <br>\r\nBawang Merah - 8 butir <br>\r\nTomat - 2 buah <br>\r\nKemiri - 3 butir <br>\r\nLengkuas - 2 cm <br><br>\r\n\r\n<b>Cara Memasak</b>:<br>\r\n\r\nLumuri ikan kakap dengan air jeruk nipis dan garam, diamkan selama 15 menit.<br>\r\nTumis bumbu rica-rica hingga harum.<br>\r\nLumuri ikan dengan bumbu rica-rica, diamkan selama 30 menit.<br>\r\nPanggang ikan di atas bara api hingga matang dan bumbu meresap.<br>\r\nSajikan ikan bakar rica-rica dengan nasi putih dan lalapan.<br>', '17'),
(26, 'Kebuli', 'Thoriq', 'Kebuli adalah masakan khas Kalimantan Timur berupa nasi goreng dengan daging kambing atau sapi yang dimasak dengan rempah-rempah khas.<br>\r\n', 'Rendah', '1 Jam', '4.8', 'https://poroskalimantan.com/wp-content/uploads/2022/11/IMG-20221118-WA0006.jpg', '<b>Bahan-Bahan Kebuli</b>:<br>\r\nDaging Kambing atau Sapi - 500 gram (potong dadu) <br>\r\nNasi - 500 gram (dinginkan semalam) <br>\r\nMinyak Goreng - secukupnya <br>\r\nAir - 1 liter <br>\r\nKacang Polong - 100 gram <br>\r\nWortel - 1 buah (potong dadu kecil) <br>\r\nKentang - 2 buah (potong dadu kecil) <br>\r\nBawang Merah - 5 butir <br>\r\nBawang Putih - 3 siung <br>\r\nKetumbar - 1 sdt <br>\r\nKemiri - 3 butir <br>\r\nLada - secukupnya <br>\r\nGaram - secukupnya <br><br>\r\n\r\n<b>Cara Memasak</b>:<br>\r\n\r\nTumis bumbu halus hingga harum.<br>\r\nMasukkan daging, aduk hingga berubah warna.<br>\r\nTambahkan air, masak hingga daging empuk.<br>\r\nMasukkan nasi, kacang polong, wortel, dan kentang. Aduk rata.<br>\r\nMasak hingga semua bahan matang dan kuah mengental.<br>\r\nSajikan kebuli panas dengan acar mentimun.<br>', '8'),
(27, 'Binte Biluhuta', 'Thoriq', 'Binte Biluhuta adalah makanan khas Gorontalo berupa ikan bakar dengan bumbu khas d<br>\r\n', 'Menengah', '1 Jam', '4.7', 'https://img-global.cpcdn.com/recipes/88256591462e45bc/680x482cq70/binte-biluhuta-khas-gorontalo-foto-resep-utama.jpg', '\r\n<b>Bahan-Bahan Binte Biluhuta</b>:<br>\r\nIkan Tuna - 1 ekor (bersihkan) <br>\r\nAir Jeruk Nipis - 3 sdm <br>\r\nGaram - secukupnya <br>\r\nMinyak - untuk menumis <br><br>\r\n\r\n<b>Bumbu Halus</b>:<br>\r\nBawang Merah - 5 butir <br>\r\nBawang Putih - 3 siung <br>\r\nKetumbar - 1 sdt <br>\r\nKunyit - 2 cm <br>\r\nLada - secukupnya <br><br>\r\n\r\n<b>Cara Memasak</b>:<br>\r\n\r\nLumuri ikan tuna dengan air jeruk nipis dan garam, diamkan selama 15 menit.<br>\r\nTumis bumbu halus hingga harum.<br>\r\nLumuri ikan dengan bumbu tumis, diamkan selama 30 menit.<br>\r\nPanggang ikan di atas bara api hingga matang dan beraroma harum.<br>\r\nSajikan binte biluhuta dengan nasi putih dan sambal dabu-dabu.<br>', '13'),
(28, 'Tumis Bunga Pepaya', 'Thoriq', 'Tumis Bunga Pepaya adalah masakan khas Maluku Utara berupa tumisan bunga pepaya dengan bumbu pedas.<br>\r\n', 'Rendah', '30 Menit', '4.7', 'https://asset.kompas.com/crops/0smwmp8obMCZIneCMsEftYHWqv8=/0x0:1000x667/750x500/data/photo/2021/07/05/60e267495b142.jpg', '<b>Bahan-Bahan Tumis Bunga Pepaya</b>:<br>\r\nBunga Pepaya - 1 ikat (potong-potong) <br>\r\nUdang - 200 gram (kupas) <br>\r\nKacang Panjang - 100 gram (potong-potong) <br>\r\nTomat - 2 buah (potong dadu) <br>\r\nBawang Putih - 3 siung (cincang halus) <br>\r\nCabai Merah - 5 buah (iris tipis) <br>\r\nKecap Manis - 2 sdm <br>\r\nGaram - secukupnya <br>\r\nMinyak - untuk menumis <br><br>\r\n\r\n<b>Cara Memasak</b>:<br>\r\n\r\nTumis bawang putih dan cabai merah hingga harum.<br>\r\nMasukkan udang, tumis hingga berubah warna.<br>\r\nTambahkan kacang panjang, bunga pepaya, dan tomat. Aduk rata.<br>\r\nTambahkan kecap manis dan garam. Masak hingga sayuran matang.<br>\r\nSajikan tumis bunga pepaya panas dengan nasi putih.<br>', '18'),
(29, 'Sagu Lempeng', 'Thoriq', 'Sagu Lempeng adalah makanan khas Papua Barat Daya berupa tepung sagu yang dipanggang atau digoreng.<br>\r\n', 'Rendah', '20 Menit', '4.8', 'https://bake.co.id/wp-content/uploads/2023/08/word-image-4733-1-1024x583.png', '<b>Bahan-Bahan Sagu Lempeng</b>:<br>\r\nTepung Sagu - 250 gram <br>\r\nKelapa Parut - 100 gram <br>\r\nGula Pasir - 50 gram <br>\r\nGaram - secukupnya <br>\r\nAir - secukupnya <br><br>\r\n\r\n<b>Cara Memasak</b>:<br>\r\n\r\nCampur tepung sagu, gula pasir, dan garam. Tambahkan air sedikit demi sedikit hingga adonan bisa dipulung.<br>\r\nAmbil adonan, pipihkan atau bentuk bulat-bulat.<br>\r\nPanggang atau goreng sagu lempeng hingga matang dan berwarna kecokelatan.<br>\r\nSajikan sagu lempeng sebagai camilan atau pendamping hidangan lainnya.<br>', '31'),
(30, 'Papeda Kuah Ikan', 'Thoriq', 'Papeda Kuah Ikan adalah makanan khas Papua Pegunungan berupa bubur sagu yang disajikan dengan kuah ikan khas daerah.\r\n<br>\r\n', 'Menengah', '30 Menit', '4.7', 'https://indonesiakaya.com/wp-content/uploads/2023/04/pakk_Artboard_1.jpg', '<b>Bahan-Bahan Papeda Kuah Ikan</b>:<br>\r\nSagu - 200 gram <br>\r\nAir - 1 liter <br>\r\nGaram - secukupnya <br><br>\r\n\r\n<b>Bahan Kuah Ikan Khas Papua Pegunungan</b>:<br>\r\nIkan Segar (misalnya ikan trout atau ikan sungai setempat) - 1 ekor (potong menjadi beberapa bagian) <br>\r\nKunyit - 2 cm (parut) <br>\r\nDaun Kunyit - 2 lembar <br>\r\nAsam Kandis - 3 buah <br>\r\nDaun Jeruk - 2 lembar <br>\r\nSerai - 2 batang (memarkan) <br>\r\nGaram - secukupnya <br><br>\r\n\r\n<b>Cara Memasak</b>:<br>\r\n<b>Untuk Papeda:</b><br>\r\n\r\nRebus air hingga mendidih, masukkan sagu sambil terus diaduk hingga kental dan matang.<br>\r\nAngkat dan bentuk papeda sesuai selera.<br><br>\r\n<b>Untuk Kuah Ikan Khas Papua Pegunungan:</b><br>\r\n\r\nRebus ikan dengan air hingga matang.<br>\r\nTambahkan kunyit parut, daun kunyit, asam kandis, daun jeruk, serai, dan garam. Masak hingga bumbu meresap ke dalam kuah.<br>\r\nSajikan papeda dengan kuah ikan kuning panas.<br>', '32'),
(31, 'Nasi Kuning', 'Thoriq', 'Nasi Kuning adalah masakan khas Sulawesi Barat berupa nasi yang dimasak dengan santan dan kunyit, disajikan dengan lauk-pauk.\r\n<br>\r\n', 'Rendah', '1 Jam', '4.8', 'https://www.dapurkobe.co.id/wp-content/uploads/nasi-kuning-kobe.jpg', '<b>Bahan-Bahan Nasi Kuning</b>:<br>\r\nBeras - 2 gelas (cuci bersih) <br>\r\nSantan - 400 ml <br>\r\nAir - 200 ml <br>\r\nKunyit - 2 cm (parut, ambil airnya) <br>\r\nDaun Jeruk - 2 lembar <br>\r\nSerai - 1 batang (memarkan) <br>\r\nGaram - secukupnya <br><br>\r\n\r\n<b>Cara Memasak</b>:<br>\r\n\r\nRebus air, santan, kunyit air, daun jeruk, serai, dan garam hingga mendidih.<br>\r\nMasukkan beras, aduk rata, masak dengan api kecil hingga air meresap dan beras matang.<br>\r\nSajikan nasi kuning hangat dengan lauk-pauk pilihan.<br>', '24'),
(32, 'Mie Kering', 'Thoriq', 'Mie Kering adalah makanan khas Sulawesi Tengah berupa mie kuning yang disajikan kering dengan taburan daging cincang dan bawang goreng.<br>\r\n', 'Rendah', '1 Jam', '4.7', 'https://asset.kompas.com/crops/qD3wtGZvOnf0c3sE2am3cqAh3-Q=/3x0:700x465/750x500/data/photo/2021/03/06/6043ae3353685.jpg', '\r\n<b>Bahan-Bahan Mie Kering</b>:<br>\r\nMie Kuning - secukupnya <br>\r\nDaging Sapi - 200 gram (rebus, cincang halus) <br>\r\nBawang Goreng - secukupnya <br>\r\nBawang Merah - 5 butir (cincang halus) <br>\r\nBawang Putih - 3 siung (cincang halus) <br>\r\nKecap Manis - 2 sdm <br>\r\nMinyak - untuk menumis <br>\r\nGaram - secukupnya <br><br>\r\n\r\n<b>Cara Memasak</b>:<br>\r\n\r\nRebus mie kuning hingga matang, tiriskan.<br>\r\nTumis bawang merah dan bawang putih hingga harum.<br>\r\nMasukkan daging sapi cincang, aduk rata.<br>\r\nTambahkan kecap manis dan garam, masak hingga bumbu meresap.<br>\r\nCampur mie dengan tumisan daging sapi, aduk rata.<br>\r\nSajikan mie kering dengan taburan bawang goreng.<br>', '25'),
(33, 'Sop Konro', 'Thoriq', 'Sop Konro adalah masakan khas Sulawesi Tenggara berupa sup iga sapi dengan bumbu rempah khas daerah.<br>\r\n', 'Menengah', '1 Jam', '4.8', 'https://asset.kompas.com/crops/t9vL2Z6ZAjt7cnpl05cuYOfd2k4=/129x72:651x420/750x500/data/photo/2020/07/30/5f22636a0e7e0.jpg', '<b>Bahan-Bahan Sop Konro</b>:<br>\r\nIga Sapi - 1 kg (potong-potong) <br>\r\nAir - 2 liter <br>\r\nBawang Merah - 10 butir <br>\r\nBawang Putih - 5 siung <br>\r\nKetumbar - 2 sdt <br>\r\nKemiri - 5 butir <br>\r\nLengkuas - 2 cm <br>\r\nJahe - 2 cm <br>\r\nSerai - 3 batang (memarkan) <br>\r\nDaun Jeruk - 3 lembar <br>\r\nGaram - secukupnya <br><br>\r\n\r\n<b>Cara Memasak</b>:<br>\r\n\r\nRebus iga sapi dalam air hingga mendidih, buang kotorannya.<br>\r\nTumis bawang merah, bawang putih, ketumbar, kemiri, lengkuas, dan jahe hingga harum.<br>\r\nMasukkan bumbu tumis ke dalam rebusan iga sapi, tambahkan serai dan daun jeruk.<br>\r\nMasak dengan api kecil hingga iga sapi empuk dan kuah mengental.<br>\r\nSajikan sop konro panas dengan nasi putih.<br>', '26'),
(34, 'Tinutuan', 'Thoriq', 'Tinutuan adalah bubur sayur khas Sulawesi Utara yang terbuat dari beras dan aneka sayuran segar.\r\n<br>\r\n', 'Menengah', '1 Jam', '4.7', 'https://asset.kompas.com/crops/8IPl4RcIfLh3fkwXhKHPuPHqoz8=/81x22:892x563/750x500/data/photo/2020/05/13/5ebbdec618a37.jpg', '\r\n<b>Bahan-Bahan Tinutuan</b>:<br>\r\nBeras - 200 gram (sangrai, tumbuk kasar) <br>\r\nKacang Panjang - 100 gram (potong-potong) <br>\r\nJagung Manis - 1 buah (iris bulat) <br>\r\nLabu Siam - 1 buah (potong dadu) <br>\r\nDaun Kacang Panjang - 1 ikat (potong-potong) <br>\r\nDaun Singkong - 1 ikat (rebus, potong-potong) <br>\r\nDaun Kemangi - 1 ikat (petik daunnya) <br>\r\nGaram - secukupnya <br><br>\r\n\r\n<b>Bumbu Halus</b>:<br>\r\nBawang Putih - 5 siung <br>\r\nBawang Merah - 8 butir <br>\r\nCabai Merah - 5 buah <br>\r\nCabai Rawit - 3 buah <br>\r\nTerasi - 1 sdt <br><br>\r\n\r\n<b>Cara Memasak</b>:<br>\r\n\r\nRebus air hingga mendidih, masukkan beras tumbuk.<br>\r\nTambahkan bumbu halus, aduk rata.<br>\r\nMasukkan kacang panjang, jagung manis, labu siam, daun kacang panjang, dan daun singkong.<br>\r\nMasak hingga sayuran matang dan bumbu meresap.<br>\r\nSajikan tinutuan dengan taburan daun kemangi.<br>', '27'),
(35, 'Coto Makassar', 'Thoriq', 'Coto Makassar adalah masakan khas Sulawesi Selatan berupa sup daging sapi yang dimasak dalam waktu yang lama hingga kuahnya berwarna kecokelatan.\r\n<br>\r\n', 'Menengah', '1 Jam', '4.8', 'https://asset.kompas.com/crops/HwvWgOyjELRqljZh2bdXEpR1t4M=/32x7:1000x653/750x500/data/photo/2022/06/19/62ae88c4a1690.jpeg', '<b>Bahan-Bahan Coto Makassar</b>:<br>\r\nDaging Sapi - 1 kg (potong kecil-kecil) <br>\r\nJeroan Sapi (usus, tetelan) - secukupnya <br>\r\nAir - 2 liter <br>\r\nBawang Merah - 10 butir <br>\r\nBawang Putih - 5 siung <br>\r\nKetumbar - 2 sdt <br>\r\nMerica - 1 sdt <br>\r\nKemiri - 5 butir <br>\r\nLengkuas - 3 cm <br>\r\nJahe - 2 cm <br>\r\nKacang Tanah Sangrai - 100 gram <br>\r\nDaun Jeruk - 3 lembar <br>\r\nSerai - 3 batang (memarkan) <br>\r\nGaram - secukupnya <br><br>\r\n\r\n<b>Bumbu Pelengkap</b>:<br>\r\nSoun - secukupnya (rendam air panas) <br>\r\nBawang Goreng - secukupnya <br>\r\nJeruk Nipis - secukupnya <br>\r\nKoya - secukupnya <br><br>\r\n\r\n<b>Cara Memasak</b>:<br>\r\n\r\nRebus daging sapi dan jeroan dalam air hingga empuk, buang kotorannya.<br>\r\nTumis bawang merah, bawang putih, ketumbar, merica, kemiri, lengkuas, dan jahe hingga harum.<br>\r\nMasukkan bumbu tumis ke dalam rebusan daging sapi, tambahkan kacang tanah, daun jeruk, serai, dan garam. Masak dengan api kecil hingga kuah mengental.<br>\r\nSajikan coto Makassar dengan soun, bawang goreng, jeruk nipis, dan koya.<br>', '28'),
(36, 'Tumpi Udang', 'Tsaqif', 'Tumpi Udang adalah makanan khas Kalimantan Utara yang terdiri dari udang yang dimasak dengan bumbu-bumbu khas dan disajikan dengan nasi.\r\n', 'Sedang', '1 Jam', '4.2', 'https://siopen.hulusungaiselatankab.go.id/storage/merchant/products/2022/11/28/x9f42da416528ac743eb75de74b2cfb5d.png.pagespeed.ic.7nqRZknoiS.jpg', '\r\n<b>Bahan-Bahan Tumpi Udang</b> <br>\r\n<b>Bahan Utama</b>:<br>\r\nUdang - 500 gram (bersihkan, buang kepala dan kulit) <br>\r\nMinyak Goreng - secukupnya <br>\r\nSantan - 200 ml <br>\r\nAir - 100 ml <br><br>\r\n\r\n<b>Bumbu Halus</b>:<br>\r\nBawang Merah - 5 siung <br>\r\nBawang Putih - 3 siung <br>\r\nCabe Merah - 3 buah <br>\r\nKemiri - 2 butir <br>\r\n', '7'),
(37, 'Ikan Bakar Manokwari', 'Thoriq', 'Ikan Bakar Manokwari adalah makanan khas Papua Barat berupa ikan segar yang dibakar dengan bumbu rempah khas daerah.\r\n<br>\r\n', 'Menengah', '1 Jam', '4.8', 'https://esensi.tv/wp-content/uploads/2023/10/ikan-bakar-manokwari.jpg', '<b>Bahan-Bahan Ikan Bakar Manokwari</b>:<br>\r\nIkan Segar (misalnya ikan kakap atau ikan laut setempat) - 1 ekor <br>\r\nKunyit - 2 cm (parut) <br>\r\nLengkuas - 2 cm (memarkan) <br>\r\nDaun Jeruk - 2 lembar <br>\r\nSerai - 2 batang (memarkan) <br>\r\nBawang Merah - 5 butir (haluskan) <br>\r\nBawang Putih - 3 siung (haluskan) <br>\r\nCabai Merah - 5 buah (haluskan) <br>\r\nGaram - secukupnya <br>\r\nMinyak - untuk membakar <br><br>\r\n\r\n<b>Cara Memasak</b>:<br>\r\n\r\nBersihkan ikan, belah menjadi dua bagian tapi tidak putus.<br>\r\nCampurkan kunyit, lengkuas, daun jeruk, serai, bawang merah, bawang putih, cabai merah, dan garam. Lumuri ikan dengan bumbu yang sudah disiapkan.<br>\r\nBiarkan selama 1 jam hingga bumbu meresap.<br>\r\nBakar ikan dengan menggunakan arang hingga matang.<br>\r\nSajikan ikan bakar manokwari dengan nasi hangat.<br>', '22'),
(38, 'Sagu Mekar', 'Thoriq', 'Sagu Mekar adalah makanan khas Papua Tengah berupa sagu yang diolah menjadi penganan manis tradisional.<br>\r\n', 'Rendah', '30 Menit', '4.7', 'https://asset-a.grid.id//crop/0x0:0x0/700x465/photo/2022/09/19/papeda-kuah-kuningjpg-20220919082120.jpg', '<b>Bahan-Bahan Sagu Mekar</b>:<br>\r\nSagu - 250 gram <br>\r\nKelapa Parut - 100 gram <br>\r\nGula Merah - 150 gram <br>\r\nGaram - secukupnya <br>\r\nAir - secukupnya <br><br>\r\n\r\n<b>Cara Memasak</b>:<br>\r\n\r\nRebus sagu dengan air hingga mengental.<br>\r\nCampurkan gula merah, kelapa parut, dan garam ke dalam sagu yang sudah matang.<br>\r\nAduk rata dan masak kembali hingga adonan bisa dipulung.<br>\r\nBentuk adonan sesuai selera, seperti bulat pipih atau lonjong.<br>\r\nSajikan sagu mekar sebagai camilan atau hidangan penutup.<br>', '29'),
(39, 'Sate Ayam Merauke', 'Thoriq', 'Sate Ayam Merauke adalah makanan khas Papua Selatan berupa sate ayam yang disajikan dengan bumbu kacang khas daerah.<br>', 'Menengah', '1 Jam', '4.8', 'https://blogger.googleusercontent.com/img/b/R29vZ2xl/AVvXsEi4Bik7TEGfjweNYmap6uCkvYXJwQl70v_VgQINXQzyAizOHc32OcvmlNyqds-91wl6ygfK60Op4skWYCAXaW1Kz4HyrX5RenBuuwaq_J3RlwXQtjFV1qRknfDDK4GRTSgfp4CNTA7BY6w/s1360/foto+6+mei+-+sate+ambal+%252802%2529.png', '\r\n<b>Bahan-Bahan Sate Ayam Merauke</b>:<br>\r\nDaging Ayam - 500 gram (potong dadu) <br>\r\nBawang Merah - 5 butir <br>\r\nBawang Putih - 3 siung <br>\r\nKemiri - 5 butir <br>\r\nKetumbar - 1 sdt <br>\r\nLada - secukupnya <br>\r\nGaram - secukupnya <br>\r\nKacang Tanah Sangrai - 150 gram <br>\r\nSantan - 200 ml <br>\r\nMinyak - secukupnya untuk menggoreng <br><br>\r\n\r\n<b>Cara Memasak</b>:<br>\r\n\r\nHaluskan bawang merah, bawang putih, kemiri, ketumbar, lada, dan garam.<br>\r\nTumis bumbu halus hingga harum.<br>\r\nMasukkan santan dan kacang tanah sangrai, masak hingga bumbu meresap dan kuah mengental.<br>\r\nTusuk daging ayam pada tusukan sate, panggang atau bakar hingga matang.<br>\r\nSajikan sate ayam Merauke panas dengan bumbu kacang yang sudah disiapkan.<br>', '30'),
(40, 'Karedok', 'Tsaqif', 'Karedok adalah salah satu makanan khas Sunda, Jawa Barat, yang terdiri dari sayuran mentah yang disiram dengan bumbu kacang. Karedok sering disebut sebagai salad tradisional Indonesia karena menggunakan sayuran segar.\r\n', 'Mudah', '30 menit', '3.9', 'https://asset-2.tstatic.net/travel/foto/bank/images/karedok.jpg', '\r\n<b>Bahan-Bahan Karedok</b> <br>\r\n<b>Bahan Utama</b>:<br>\r\nKol - 100 gram (iris halus) <br>\r\nTimun - 2 buah (potong dadu kecil) <br>\r\nTauge - 100 gram (bersihkan) <br>\r\nKacang Panjang - 100 gram (potong kecil) <br>\r\nDaun Kemangi - secukupnya <br><br>\r\n\r\n<b>Bumbu Kacang</b>:<br>\r\nKacang Tanah Goreng - 150 gram <br>\r\nCabe Rawit - 5 buah (sesuai selera) <br>\r\nBawang Putih - 2 siung <br>\r\nGula Merah - 2 sendok makan <br>\r\nAsam Jawa - 1 sendok teh <br>\r\nGaram - 1/2 sendok teh <br>\r\nAir - 100 ml <br><br>\r\n\r\n<b>Cara Membuat Karedok</b>:<br>\r\n\r\nMembuat Bumbu Kacang: <br>\r\nHaluskan kacang tanah goreng, cabe rawit, bawang putih, gula merah, asam jawa, dan garam. Tambahkan air sedikit demi sedikit hingga mencapai kekentalan yang diinginkan.<br><br>\r\n\r\nMenyajikan Karedok: <br>\r\nCampurkan semua sayuran yang telah dipotong dan dibersihkan dalam satu wadah. Siram dengan bumbu kacang, aduk rata. Sajikan dengan tambahan daun kemangi sebagai pelengkap.<br>\r\n', '1'),
(41, 'Combro', 'Tsaqif', 'Combro adalah makanan tradisional khas Jawa Barat yang terbuat dari singkong parut yang diisi dengan oncom pedas. Nama \"combro\" berasal dari singkatan \"oncom di jero\" yang berarti oncom di dalam.\r\n', 'sedang', '1 Jam', '4.0', 'https://asset.kompas.com/crops/ETBjKwKHZRowfnc9PaPhDyUVoag=/0x0:1000x667/750x500/data/photo/2022/02/28/621c1e5b57f18.jpg', '\r\n<b>Bahan-Bahan Combro</b> <br>\r\n<b>Bahan Utama</b>:<br>\r\nSingkong Parut - 1 kg <br>\r\nKelapa Parut - 100 gram <br>\r\nGaram - 1 sendok teh <br><br>\r\n\r\n<b>Bahan Isian</b>:<br>\r\nOncom - 200 gram (hancurkan) <br>\r\nCabe Rawit - 10 buah (iris halus) <br>\r\nBawang Merah - 5 siung (iris halus) <br>\r\nBawang Putih - 3 siung (cincang halus) <br>\r\nDaun Bawang - 2 batang (iris halus) <br>\r\nGula Pasir - 1 sendok teh <br>\r\nGaram - 1/2 sendok teh <br>\r\nMinyak Goreng - secukupnya (untuk menumis dan menggoreng) <br><br>\r\n\r\n<b>Cara Membuat Combro</b>:<br>\r\n\r\nMenyiapkan Adonan: <br>\r\nCampurkan singkong parut dengan kelapa parut dan garam. Aduk rata hingga adonan bisa dipulung.<br><br>\r\n\r\nMembuat Isian: <br>\r\nTumis bawang merah dan bawang putih hingga harum. Masukkan oncom, cabe rawit, daun bawang, gula pasir, dan garam. Tumis hingga matang dan kering. Angkat dan dinginkan.<br><br>\r\n\r\nMembentuk Combro: <br>\r\nAmbil sedikit adonan singkong, pipihkan, dan beri isian oncom di tengahnya. Bentuk bulat lonjong. Ulangi hingga adonan habis.<br><br>\r\n\r\nMenggoreng Combro: <br>\r\nPanaskan minyak goreng, goreng combro hingga kuning kecoklatan. Angkat dan tiriskan.<br><br>\r\n\r\nMenyajikan Combro: <br>\r\nSajikan combro selagi hangat sebagai camilan atau teman minum teh.<br>\r\n', '1'),
(42, 'Nasi Liwet Solo', 'Tsaqif', 'Nasi Liwet Solo adalah hidangan khas dari Solo, Jawa Tengah, yang terdiri dari nasi gurih yang dimasak dengan santan, daun salam, dan serai, disajikan dengan lauk pauk seperti ayam, telur, dan sambal goreng labu siam.\r\n', 'Mudah', '1 Jam', '3.8', 'https://img.okezone.com/content/2015/06/08/298/1161765/resep-nasi-liwet-solo-istimewa-HzqSomJhC2.jpg', '\r\n<b>Bahan-Bahan Nasi Liwet Solo</b> <br>\r\n<b>Bahan Utama</b>:<br>\r\nBeras - 500 gram (cuci bersih) <br>\r\nSantan - 700 ml <br>\r\nAir - 300 ml <br>\r\nSerai - 2 batang (memarkan) <br>\r\nDaun Salam - 4 lembar <br>\r\nDaun Pandan - 2 lembar (ikat simpul) <br>\r\nGaram - 1 sendok teh <br><br>\r\n\r\n<b>Lauk Pelengkap</b>:<br>\r\nAyam Suwir - 200 gram (ayam direbus dan disuwir) <br>\r\nTelur Rebus - 4 butir <br>\r\nSambal Goreng Labu Siam - secukupnya <br>\r\nKecap Manis - secukupnya <br>\r\nBawang Goreng - secukupnya <br><br>\r\n\r\n<b>Cara Membuat Nasi Liwet Solo</b>:<br>\r\n\r\nMenyiapkan Nasi: <br>\r\nMasukkan beras, santan, air, serai, daun salam, daun pandan, dan garam ke dalam panci. Masak dengan api sedang hingga santan meresap dan nasi setengah matang.<br><br>\r\n\r\nMengukus Nasi: <br>\r\nPindahkan nasi setengah matang ke dalam kukusan, kukus hingga nasi matang sempurna dan harum.<br><br>\r\n\r\nMenyajikan Nasi Liwet: <br>\r\nSajikan nasi liwet dengan ayam suwir, telur rebus, sambal goreng labu siam, kecap manis, dan taburan bawang goreng.<br>\r\n', '2'),
(43, 'Soto Kudus', 'Tsaqif', 'Soto Kudus adalah salah satu jenis soto yang berasal dari Kudus, Jawa Tengah. Soto ini menggunakan daging ayam atau daging sapi, dengan kuah bening yang kaya rempah.\r\n', 'Sedang', '1,5 Jam', '4.3', 'https://assets-pergikuliner.com/c5QkA11-Fmp-hWgzDslMLAYCRfY=/fit-in/1366x768/smart/filters:no_upscale()/https://assets-pergikuliner.com/uploads/image/picture/1900367/picture-1584425473.jpg', '\r\n<b>Bahan-Bahan Soto Kudus</b> <br>\r\n<b>Bahan Utama</b>:<br>\r\nDaging Ayam Kampung - 1 ekor (potong menjadi 4 bagian) <br>\r\nAir - 2 liter <br>\r\nSerai - 2 batang (memarkan) <br>\r\nDaun Salam - 2 lembar <br>\r\nDaun Jeruk - 3 lembar <br>\r\nLengkuas - 3 cm (memarkan) <br>\r\nMinyak Goreng - secukupnya <br><br>\r\n\r\n<b>Bumbu Halus</b>:<br>\r\nBawang Merah - 8 siung <br>\r\nBawang Putih - 4 siung <br>\r\nKetumbar - 1 sendok teh (sangrai) <br>\r\nJinten - 1/2 sendok teh (sangrai) <br>\r\nMerica - 1/2 sendok teh <br>\r\nKunyit - 2 cm <br>\r\nJahe - 2 cm <br><br>\r\n\r\n<b>Pelengkap</b>:<br>\r\nTauge - 100 gram (seduh air panas) <br>\r\nSeledri - 2 batang (iris halus) <br>\r\nBawang Goreng - secukupnya <br>\r\nJeruk Nipis - 2 buah (potong) <br>\r\nSambal Rawit - secukupnya <br>\r\nKecap Manis - secukupnya <br><br>\r\n\r\n<b>Cara Membuat Soto Kudus</b>:<br>\r\n\r\nMerebus Ayam: <br>\r\nRebus ayam dalam air hingga mendidih, buang busa yang muncul. Angkat ayam, tiriskan, dan suwir dagingnya. Sisihkan air kaldu.<br><br>\r\n\r\nMenyiapkan Bumbu: <br>\r\nTumis bumbu halus, serai, daun salam, daun jeruk, dan lengkuas hingga harum. Masukkan ke dalam air kaldu, masak hingga mendidih dan bumbu meresap.<br><br>\r\n\r\nMenyajikan Soto: <br>\r\nLetakkan daging ayam suwir, tauge, dan seledri dalam mangkuk. Siram dengan kuah soto panas. Taburi dengan bawang goreng, sajikan dengan jeruk nipis, sambal rawit, dan kecap manis.<br>\r\n', '2');
INSERT INTO `makanans` (`id`, `name`, `publisher`, `description`, `tingkatSulit`, `waktu`, `rating`, `image`, `bahan`, `daerahId`) VALUES
(44, 'Rujak Cingur', 'Tsaqif', 'Rujak Cingur adalah salah satu makanan tradisional khas dari Surabaya, Jawa Timur, Indonesia. Makanan ini terdiri dari berbagai macam buah dan sayuran yang disiram dengan bumbu petis. Cingur, yang berarti \"mulut\" dalam bahasa Jawa, mengacu pada irisan hidung sapi yang menjadi bahan utama dari rujak ini. Rujak Cingur biasanya disajikan dengan lontong, tempe, tahu, dan kerupuk.\r\n', 'Sedang', '1 Jam', '4.1', 'https://awsimages.detik.net.id/community/media/visual/2023/08/13/resep-rujak-cingur-surabaya_43.jpeg?w=1200', '\r\n<b>Bahan-Bahan Rujak Cingur</b> <br>\r\n<b>Bahan Utama</b>:<br>\r\nCingur Sapi - 200 gram (direbus hingga empuk) <br>\r\nLontong - 2 buah (dipotong-potong) <br>\r\nTempe - 100 gram (digoreng) <br>\r\nTahu - 100 gram (digoreng) <br>\r\nBuah-Buahan (seperti timun, mangga muda, nanas, kedondong) - masing-masing 50 gram (dipotong-potong) <br>\r\nSayuran (seperti kangkung, kecambah) - secukupnya (direbus) <br>\r\nKerupuk - secukupnya <br><br>\r\n\r\n<b>Bahan Bumbu</b>:<br>\r\nPetis Udang - 3 sendok makan <br>\r\nKacang Tanah Goreng - 100 gram <br>\r\nCabe Rawit - 5 buah (sesuai selera) <br>\r\nBawang Putih - 2 siung <br>\r\nGaram - 1/2 sendok teh <br>\r\nGula Merah - 2 sendok makan <br>\r\nAir Asam Jawa - 2 sendok makan <br>\r\nAir Matang - 100 ml <br><br>\r\n\r\n<b>Cara Membuat Rujak Cingur</b>:<br>\r\n\r\nMembuat Bumbu: <br>\r\nHaluskan kacang tanah, cabe rawit, dan bawang putih. Tambahkan petis udang, garam, gula merah, dan air asam jawa. Aduk rata dan tambahkan air matang hingga mencapai kekentalan yang diinginkan.<br><br>\r\n\r\nMenyajikan Rujak Cingur: <br>\r\nTata potongan cingur, lontong, tempe, tahu, buah-buahan, dan sayuran di piring saji. Siram dengan bumbu petis yang sudah dibuat. Sajikan dengan kerupuk.<br>\r\n', '3'),
(45, 'Pecel Lele', 'Gilang', 'Pecel Lele adalah makanan khas Jawa Timur yang terdiri dari lele goreng yang disajikan dengan sambal terasi dan lalapan. Hidangan ini sangat populer dan mudah ditemukan di warung-warung kaki lima.\r\n', 'Mudah', '1 Jam', '4.7', 'https://asset.kompas.com/crops/QT6V0LoKz42gr5uezLBcGZyBBLw=/0x0:1000x667/750x500/data/photo/2021/03/21/60569b33a2b3d.jpeg', '\r\n<b>Bahan-Bahan Pecel Lele</b> <br>\r\n<b>Bahan Utama</b>:<br>\r\nIkan Lele - 4 ekor (bersihkan dan kerat-kerat) <br>\r\nJeruk Nipis - 2 buah (ambil airnya) <br>\r\nGaram - 1 sendok teh <br>\r\nMinyak Goreng - secukupnya (untuk menggoreng) <br><br>\r\n\r\n<b>Bahan Sambal</b>:<br>\r\nCabe Merah - 5 buah <br>\r\nCabe Rawit - 10 buah <br>\r\nTomat - 1 buah (potong-potong) <br>\r\nBawang Merah - 3 siung <br>\r\nBawang Putih - 2 siung <br>\r\nTerasi - 1 sendok teh (bakar) <br>\r\nGula Merah - 1 sendok makan <br>\r\nGaram - 1/2 sendok teh <br>\r\nMinyak Goreng - 2 sendok makan <br><br>\r\n\r\n<b>Lalapan</b>:<br>\r\nKol - secukupnya (potong-potong) <br>\r\nKemangi - secukupnya <br>\r\nTimun - 2 buah (iris) <br>\r\nSelada - secukupnya <br><br>\r\n\r\n<b>Cara Membuat Pecel Lele</b>:<br>\r\n\r\nMenyiapkan Lele: <br>\r\nLumuri ikan lele dengan air jeruk nipis dan garam. Diamkan selama 15 menit, lalu goreng dalam minyak panas hingga matang dan kering. Angkat dan tiriskan.<br><br>\r\n\r\nMembuat Sambal: <br>\r\nTumis cabe merah, cabe rawit, tomat, bawang merah, dan bawang putih hingga layu. Angkat dan haluskan bersama dengan terasi, gula merah, dan garam.<br><br>\r\n\r\nMenyajikan Pecel Lele: <br>\r\nSajikan lele goreng dengan sambal terasi dan lalapan seperti kol, kemangi, timun, dan selada.<br>\r\n', '3'),
(46, 'Kalumpe', 'Tsaqif', 'Kalumpe, juga dikenal sebagai karuang, adalah hidangan khas Kalimantan Tengah yang terbuat dari daun singkong yang dihaluskan dan dimasak dengan bumbu-bumbu khas.\r\n', 'Mudah', '1,5 Jam', '4.3', 'https://i.ytimg.com/vi/Ke4wITcIH1c/maxresdefault.jpg', '\r\n<b>Bahan-Bahan Kalumpe</b> <br>\r\n<b>Bahan Utama</b>:<br>\r\nDaun Singkong - 500 gram (rebus dan haluskan) <br>\r\nTerong Pipit - 100 gram (belah dua) <br>\r\nSantan - 500 ml <br>\r\nIkan Asin - 100 gram (goreng) <br>\r\nAir - 500 ml <br><br>\r\n\r\n<b>Bumbu Halus</b>:<br>\r\nBawang Merah - 6 siung <br>\r\nBawang Putih - 4 siung <br>\r\nKemiri - 4 butir <br>\r\nCabe Merah - 5 buah <br>\r\nKencur - 2 cm <br>\r\nTerasi - 1 sendok teh <br>\r\nGaram - secukupnya <br><br>\r\n\r\n<b>Cara Membuat Kalumpe</b>:<br>\r\n\r\nMenyiapkan Daun Singkong: <br>\r\nRebus daun singkong hingga empuk, lalu tiriskan dan haluskan.<br><br>\r\n\r\nMenyiapkan Kuah: <br>\r\nTumis bumbu halus hingga harum, tambahkan air dan santan. Masak hingga mendidih.<br><br>\r\n\r\nMemasak Kalumpe: <br>\r\nMasukkan daun singkong yang telah dihaluskan dan terong pipit ke dalam kuah. Tambahkan ikan asin yang telah digoreng. Masak hingga bumbu meresap.<br><br>\r\n\r\nMenyajikan Kalumpe: <br>\r\nSajikan Kalumpe selagi hangat dengan nasi putih.<br>\r\n', '5'),
(47, 'Wadi (Ikan Fermentasi)', 'Tsaqif', 'Wadi adalah makanan tradisional khas Kalimantan Tengah yang terbuat dari ikan yang difermentasi. Wadi memiliki rasa yang khas dan biasanya dimasak dengan bumbu-bumbu tradisional.\r\n', 'Tinggi', '3-7 Hari', '4.1', 'https://asset-a.grid.id//crop/0x0:0x0/700x465/photo/bobofoto/original/20577_wadi-makanan-khas-kalimantan-tengah.jpg', '\r\n<b>Bahan-Bahan Wadi</b> <br>\r\n<b>Bahan Utama</b>:<br>\r\nIkan Patin atau Ikan Gabus - 1 kg (bersihkan dan potong-potong) <br>\r\nGaram Kasar - 200 gram <br>\r\nBeras - 100 gram (sangrai dan haluskan) <br><br>\r\n\r\n<b>Bumbu Halus</b>:<br>\r\nBawang Merah - 6 siung <br>\r\nBawang Putih - 4 siung <br>\r\nKemiri - 4 butir <br>\r\nKunyit - 2 cm <br>\r\nJahe - 2 cm <br>\r\nCabe Merah - 5 buah <br>\r\nTerasi - 1 sendok teh <br>\r\nGaram - secukupnya <br><br>\r\n\r\n<b>Cara Membuat Wadi</b>:<br>\r\n\r\nFermentasi Ikan: <br>\r\nBalur ikan dengan garam kasar dan beras yang telah dihaluskan. Simpan dalam wadah tertutup selama 3-7 hari hingga ikan terfermentasi.<br><br>\r\n\r\nMenyiapkan Ikan: <br>\r\nCuci ikan yang telah difermentasi hingga bersih untuk menghilangkan kelebihan garam.<br><br>\r\n\r\nMenyiapkan Bumbu: <br>\r\nTumis bumbu halus hingga harum. Tambahkan ikan yang telah difermentasi dan masak hingga bumbu meresap dan ikan matang.<br><br>\r\n\r\nMenyajikan Wadi: <br>\r\nSajikan Wadi selagi hangat dengan nasi putih.<br>\r\n', '5'),
(48, 'Soto Banjar', 'Tsaqif', 'Soto Banjar adalah hidangan berkuah khas Kalimantan Selatan yang menggunakan daging ayam dan rempah-rempah khas, disajikan dengan ketupat atau lontong.<br>  \r\n', 'Sedang', '1,5 Jam', '4.5', 'https://indonesiakaya.com/wp-content/uploads/2023/04/sb_Artboard_5.jpg', '<b>Bahan-Bahan Soto Banjar</b> <br> <b>Bahan Utama</b>:<br> Daging Ayam Kampung - 1 ekor (potong menjadi 4 bagian) <br> Air - 2 liter <br> Serai - 2 batang (memarkan) <br> Daun Salam - 2 lembar <br> Kayu Manis - 5 cm <br> Kapulaga - 3 butir <br> Cengkeh - 5 butir <br> Bunga Lawang - 2 butir <br> Minyak Goreng - secukupnya <br><br>  <b>Bumbu Halus</b>:<br> Bawang Merah - 8 siung <br> Bawang Putih - 5 siung <br> Jahe - 2 cm <br> Merica - 1 sendok teh <br> Pala - 1/2 sendok teh <br><br>  <b>Pelengkap</b>:<br> Ketupat atau Lontong - secukupnya (potong-potong) <br> Telur Rebus - 4 butir (belah dua) <br> Soun - 100 gram (rendam air panas, tiriskan) <br> Daun Bawang - 2 batang (iris halus) <br> Seledri - 2 batang (iris halus) <br> Bawang Goreng - secukupnya <br> Jeruk Nipis - 2 buah (potong) <br> Sambal - secukupnya <br> Kecap Manis - secukupnya <br><br>  <b>Cara Membuat Soto Banjar</b>:<br>  Merebus Ayam: <br> Rebus ayam dalam air hingga mendidih, buang busa yang muncul. Angkat ayam, tiriskan, dan suwir dagingnya. Sisihkan air kaldu.<br><br>  Menyiapkan Bumbu: <br> Tumis bumbu halus bersama serai, daun salam, kayu manis, kapulaga, cengkeh, dan bunga lawang hingga harum. Masukkan ke dalam air kaldu, masak hingga mendidih dan bumbu meresap.<br><br>  Menyajikan Soto: <br> Letakkan potongan ketupat atau lontong dalam mangkuk, tambahkan ayam suwir, soun, telur rebus, daun bawang, dan seledri. Siram dengan kuah soto panas. Taburi dengan bawang goreng, sajikan dengan jeruk nipis, sambal, dan kecap manis.<br>', '6'),
(49, 'Ketupat Kandangan', 'Tsaqif', 'Ketupat Kandangan adalah makanan khas Kalimantan Selatan yang terdiri dari ketupat yang disajikan dengan ikan gabus yang dimasak dalam kuah santan yang gurih.\r\n', 'Sedang', '1,5 Jam', '4.3', 'https://siopen.hulusungaiselatankab.go.id/storage/merchant/products/2022/11/28/x9f42da416528ac743eb75de74b2cfb5d.png.pagespeed.ic.7nqRZknoiS.jpg', '\r\n<b>Bahan-Bahan Ketupat Kandangan</b> <br>\r\n<b>Bahan Utama</b>:<br>\r\nKetupat - 5 buah (potong-potong) <br>\r\nIkan Gabus - 500 gram (bersihkan) <br>\r\nSantan Kental - 500 ml <br>\r\nSantan Cair - 1 liter <br>\r\nSerai - 2 batang (memarkan) <br>\r\nDaun Salam - 3 lembar <br>\r\nAsam Kandis - 2 buah <br>\r\nGaram - secukupnya <br><br>\r\n\r\n<b>Bumbu Halus</b>:<br>\r\nBawang Merah - 6 siung <br>\r\nBawang Putih - 4 siung <br>\r\nKunyit - 2 cm <br>\r\nJahe - 2 cm <br>\r\nKemiri - 4 butir <br>\r\nCabe Merah - 3 buah <br><br>\r\n\r\n<b>Cara Membuat Ketupat Kandangan</b>:<br>\r\n\r\nMenyiapkan Ikan: <br>\r\nRebus ikan gabus dalam air mendidih hingga matang, angkat dan tiriskan.<br><br>\r\n\r\nMenyiapkan Kuah: <br>\r\nTumis bumbu halus bersama serai dan daun salam hingga harum. Tambahkan santan cair dan asam kandis, masak hingga mendidih.<br><br>\r\n\r\nMemasak Ikan: <br>\r\nMasukkan ikan gabus ke dalam kuah, tambahkan santan kental dan garam. Masak hingga bumbu meresap dan kuah mengental.<br><br>\r\n\r\nMenyajikan Ketupat Kandangan: <br>\r\nSajikan potongan ketupat dalam piring, siram dengan kuah dan ikan gabus. Sajikan selagi hangat.<br>\r\n', '6'),
(50, 'Ikan Masak Kuning', 'Gilang', 'Ikan Masak Kuning adalah hidangan khas Kalimantan Utara yang menggunakan ikan yang dimasak dengan bumbu kuning yang kaya rempah.\r\n', 'Sedang', '1 Jam', '4.3', 'https://assets.unileversolutions.com/recipes-v2/241965.jpg', '\r\n<b>Bahan-Bahan Ikan Masak Kuning</b> <br>\r\n<b>Bahan Utama</b>:<br>\r\nIkan Kerapu atau Ikan Tenggiri - 500 gram (bersihkan dan potong-potong) <br>\r\nSantan - 400 ml <br>\r\nAir - 200 ml <br>\r\nMinyak Goreng - secukupnya <br><br>\r\n\r\n<b>Bumbu Halus</b>:<br>\r\nBawang Merah - 6 siung <br>\r\nBawang Putih - 4 siung <br>\r\nKunyit - 3 cm <br>\r\nJahe - 2 cm <br>\r\nKemiri - 3 butir <br>\r\nCabe Merah - 4 buah <br><br>\r\n\r\n<b>Bumbu Pelengkap</b>:<br>\r\nSerai - 1 batang (memarkan) <br>\r\nDaun Salam - 2 lembar <br>\r\nDaun Jeruk - 3 lembar <br>\r\nGaram - secukupnya <br>\r\nGula - secukupnya <br><br>\r\n\r\n<b>Cara Membuat Ikan Masak Kuning</b>:<br>\r\n\r\nMenyiapkan Ikan: <br>\r\nBersihkan ikan, potong-potong sesuai selera. Sisihkan.<br><br>\r\n\r\nMenyiapkan Bumbu: <br>\r\nTumis bumbu halus bersama serai, daun salam, dan daun jeruk hingga harum.<br><br>\r\n\r\nMemasak Ikan: <br>\r\nMasukkan ikan ke dalam tumisan bumbu, aduk perlahan. Tambahkan santan dan air, masak hingga mendidih dan bumbu meresap. Tambahkan garam dan gula secukupnya.<br><br>\r\n\r\nMenyajikan Ikan Masak Kuning: <br>\r\nSajikan Ikan Masak Kuning dengan nasi hangat.<br>\r\n', '7'),
(51, 'Sayur Asam Kutai', 'Gilang', 'Sayur Asam Kutai adalah hidangan sayur khas Kalimantan Utara yang memiliki rasa asam segar dengan bumbu rempah yang khas.\r\n\r\n', 'Mudah', '45 Menit', '4.0', 'https://asset-a.grid.id/crop/0x0:0x0/700x465/photo/sasefoto/original/32072_sayur-asam-kutai.jpg', '<b>Bahan-Bahan Sayur Asam Kutai</b> <br>\r\n<b>Bahan Utama</b>:<br>\r\nKacang Panjang - 150 gram (potong-potong) <br>\r\nLabusiam - 200 gram (potong dadu) <br>\r\nJagung Manis - 2 buah (potong-potong) <br>\r\nTerong - 150 gram (potong dadu) <br>\r\nDaun Melinjo - 50 gram <br>\r\nAsam Kandis - 2 buah <br>\r\nAir - 1,5 liter <br><br>\r\n\r\n<b>Bumbu Halus</b>:<br>\r\nBawang Merah - 5 siung <br>\r\nBawang Putih - 3 siung <br>\r\nKemiri - 3 butir <br>\r\nCabe Merah - 4 buah <br>\r\nTerasi - 1 sendok teh <br><br>\r\n\r\n<b>Bumbu Pelengkap</b>:<br>\r\nSerai - 1 batang (memarkan) <br>\r\nDaun Salam - 3 lembar <br>\r\nGaram - secukupnya <br>\r\nGula - secukupnya <br><br>\r\n\r\n<b>Cara Membuat Sayur Asam Kutai</b>:<br>\r\n\r\nMenyiapkan Bahan: <br>\r\nSiapkan semua sayuran, cuci bersih dan potong-potong sesuai selera.<br><br>\r\n\r\nMenyiapkan Bumbu: <br>\r\nTumis bumbu halus bersama serai dan daun salam hingga harum.<br><br>\r\n\r\nMemasak Sayur: <br>\r\nDidihkan air, masukkan bumbu tumis dan asam kandis. Masak hingga air mendidih kembali.<br><br>\r\n\r\nMenambahkan Sayuran: <br>\r\nMasukkan jagung dan labusiam terlebih dahulu, masak hingga setengah matang. Tambahkan kacang panjang, terong, dan daun melinjo. Masak hingga semua sayuran matang dan bumbu meresap. Tambahkan garam dan gula secukupnya.<br><br>\r\n\r\nMenyajikan Sayur Asam Kutai: <br>\r\nSajikan Sayur Asam Kutai selagi hangat dengan nasi putih.<br>\r\n', '7'),
(52, 'Brenebon', 'Gilang', 'Brenebon adalah hidangan khas Kalimantan Timur berupa sup kacang merah dengan tambahan daging sapi atau babi serta rempah-rempah yang kaya.\r\n', 'Sedang', '1,5 Jam', '4.4', 'https://cms.disway.id/uploads/a55ffa4c3f5f19523aae5c2a3a44d830.jpg', '\r\n<b>Bahan-Bahan Brenebon</b> <br>\r\n<b>Bahan Utama</b>:<br>\r\nKacang Merah - 250 gram (rendam semalam, tiriskan) <br>\r\nDaging Sapi atau Babi - 300 gram (potong dadu) <br>\r\nAir - 1 liter <br>\r\nSantan - 200 ml <br><br>\r\n\r\n<b>Bumbu Halus</b>:<br>\r\nBawang Merah - 5 siung <br>\r\nBawang Putih - 3 siung <br>\r\nKemiri - 3 butir <br>\r\nKetumbar - 1 sendok teh <br>\r\nMerica - 1/2 sendok teh <br>\r\nJahe - 2 cm <br><br>\r\n\r\n<b>Bumbu Pelengkap</b>:<br>\r\nSerai - 1 batang (memarkan) <br>\r\nDaun Salam - 2 lembar <br>\r\nGaram - secukupnya <br>\r\nGula - secukupnya <br>\r\nMerica - secukupnya <br><br>\r\n\r\n<b>Cara Membuat Brenebon</b>:<br>\r\n\r\nMenyiapkan Kacang Merah: <br>\r\nRebus kacang merah hingga empuk, tiriskan dan sisihkan.<br><br>\r\n\r\nMenyiapkan Daging: <br>\r\nTumis bumbu halus hingga harum, masukkan daging sapi atau babi, aduk hingga berubah warna.<br><br>\r\n\r\nMemasak Brenebon: <br>\r\nTambahkan air, serai, dan daun salam. Masak hingga daging empuk, tambahkan kacang merah yang telah direbus. Lanjutkan memasak hingga bumbu meresap dan kuah mengental. Tambahkan santan, garam, gula, dan merica secukupnya, masak sebentar hingga mendidih kembali.<br><br>\r\n\r\nMenyajikan Brenebon: <br>\r\nSajikan Brenebon panas dengan nasi putih hangat.<br>\r\n', '8'),
(53, 'Kue Koci', 'Tsaqif', 'Kue Koci adalah makanan khas Kalimantan Timur berupa kue tradisional yang terbuat dari tepung beras yang dibentuk bulat dan diisi dengan gula merah, lalu direbus dan disajikan dengan kelapa parut.\r\n\r\n', 'Sedang', '1,5 Jam', '4.3', 'https://kecipir.com/blog/wp-content/uploads/2022/08/resep-kue-mendut.jpg', '<b>Bahan-Bahan Kue Koci</b> <br>\r\n<b>Bahan Kulit</b>:<br>\r\nTepung Beras - 250 gram <br>\r\nAir - secukupnya <br>\r\nGaram - secukupnya <br><br>\r\n\r\n<b>Bahan Isi</b>:<br>\r\nGula Merah - 200 gram (iris halus) <br>\r\nKelapa Parut - 100 gram (untuk taburan) <br><br>\r\n\r\n<b>Cara Membuat Kue Koci</b>:<br>\r\n\r\nMembuat Kulit: <br>\r\nCampur tepung beras dengan air dan garam, uleni hingga menjadi adonan yang elastis. Ambil sedikit adonan, pipihkan, letakkan gula merah, bulatkan.<br><br>\r\n\r\nMemasak Kue Koci: <br>\r\nRebus kue koci dalam air mendidih hingga mengapung dan matang. Tiriskan.<br><br>\r\n\r\nMenyajikan Kue Koci: <br>\r\nGulingkan kue koci yang sudah matang ke dalam kelapa parut. Sajikan hangat atau dingin.<br>\r\n', '8'),
(54, 'Tempoyak', 'Tsaqif', 'Tempoyak adalah hidangan tradisional Sumatera Selatan berupa fermentasi durian yang diolah dengan bumbu dan santan, memiliki cita rasa yang khas dan kuat.\r\n\r\n', 'Sedang', '1,5 Jam', '4.4', 'https://s3-publishing-cmn-svc-prd.s3.ap-southeast-1.amazonaws.com/article/1AqfbAjm_LxZf-vvhAaK_/original/077705300_1597213689-Sambal-Tempoyak-Bikin-Parah-Masalah-Asam-Lambung-Ini-Kata-Dokter-shutterstock_1492977269.jpg', '<b>Bahan-Bahan Tempoyak</b> <br>\r\n<b>Bahan Utama</b>:<br>\r\nTempoyak - 500 gram <br>\r\nDaging Ayam - 300 gram (potong kecil-kecil) <br>\r\nSantan - 400 ml <br><br>\r\n\r\n<b>Bumbu Halus</b>:<br>\r\nBawang Merah - 6 siung <br>\r\nBawang Putih - 4 siung <br>\r\nCabe Merah - 5 buah <br>\r\nKemiri - 4 butir <br>\r\nLengkuas - 2 cm <br>\r\nJahe - 2 cm <br>\r\nKunyit - 2 cm <br><br>\r\n\r\n<b>Bumbu Tambahan</b>:<br>\r\nDaun Salam - 2 lembar <br>\r\nSerai - 2 batang (memarkan) <br>\r\nGaram - secukupnya <br>\r\nGula - secukupnya <br><br>\r\n\r\n<b>Cara Membuat Tempoyak</b>:<br>\r\n\r\nMenyiapkan Bumbu: <br>\r\nHaluskan bumbu halus menggunakan blender atau ulekan.<br><br>\r\n\r\nMemasak Ayam: <br>\r\nTumis bumbu halus hingga harum, masukkan potongan daging ayam, aduk hingga berubah warna.<br><br>\r\n\r\nMenambahkan Tempoyak: <br>\r\nTambahkan tempoyak dan santan, aduk rata. Masak dengan api kecil hingga ayam matang dan bumbu meresap.<br><br>\r\n\r\nMenyajikan Tempoyak: <br>\r\nSajikan Tempoyak hangat dengan nasi putih.<br>\r\n', '10'),
(55, 'Tekwan', 'Tsaqif', 'Tekwan adalah hidangan sup ikan khas Palembang, Sumatera Selatan, yang terkenal dengan pemakaian pangsit ikan (ikan tenggiri) dan adonan yang diberi irisan jamur, udang, dan telur ikan.\r\n\r\n', 'Sedang', '2 Jam', '4.5', 'https://giwang.sumselprov.go.id/api/uploads/kuliner/kuliner_16882180441924.jpeg', '<b>Bahan-Bahan Tekwan</b> \r\n<b>Bahan Utama</b>:\r\nIkan Tenggiri - 500 gram (daging ikan yang dihaluskan, tidak memiliki yang  Are these\r\n<b>Bahan-Bahan Tekwan</b> <br>\r\n<b>Bahan Utama</b>:<br>\r\nIkan Tenggiri - 500 gram (daging ikan yang dihaluskan) <br>\r\nTepung Tapioka - 150 gram <br>\r\nPutih Telur - 1 butir <br>\r\nAir - 1 liter <br><br>\r\n\r\n<b>Bahan Tambahan</b>:<br>\r\nUdang - 200 gram (cincang halus) <br>\r\nJamur Kuping - 50 gram (iris halus) <br>\r\nTelur Ayam - 2 butir (kocok lepas) <br>\r\nBawang Putih - 3 siung (haluskan) <br>\r\nMerica Bubuk - 1 sendok teh <br>\r\nGaram - secukupnya <br><br>\r\n\r\n<b>Bumbu Pelengkap</b>:<br>\r\nBawang Goreng - secukupnya <br>\r\nDaun Bawang - secukupnya (iris halus) <br>\r\nKetumbar - secukupnya (iris halus) <br>\r\nKecap Manis - secukupnya <br><br>\r\n\r\n<b>Cara Membuat Tekwan</b>:<br>\r\n\r\nMenyiapkan Adonan Tekwan: <br>\r\nCampur daging ikan tenggiri yang telah dihaluskan dengan tepung tapioka, putih telur, air, udang cincang halus, jamur kuping, telur ayam, bawang putih halus, merica bubuk, dan garam. Aduk rata hingga tercampur homogen.<br><br>\r\n\r\nMembentuk dan Memasak Tekwan: <br>\r\nBuat bulatan-bulatan kecil dari adonan tekwan dengan menggunakan sendok teh. Rebus dalam air mendidih hingga tekwan mengapung dan matang.<br><br>\r\n\r\nMenyajikan Tekwan: <br>\r\nSajikan tekwan dalam mangkuk, tambahkan bawang goreng, daun bawang, ketumbar, dan tuangkan kuah panas di atasnya. Tambahkan kecap manis secukupnya sebelum disajikan.<br>\r\n', '10'),
(56, 'Saksang Babi', 'Tsaqif', 'Saksang Babi adalah hidangan khas Sumatera Utara yang terbuat dari daging babi yang dimasak dengan bumbu rempah khas daerah ini.\r\n\r\n', 'Sedang', '2 Jam', '4.5', 'https://cahayameat.com/wp-content/uploads/2022/06/resep-daging-babi-saksang.jpg', '<b>Bahan-Bahan Saksang Babi</b> <br>\r\n<b>Bahan Utama</b>:<br>\r\nDaging Babi - 500 gram (potong dadu) <br>\r\nDaun Jeruk - 3 lembar <br>\r\nAsam Gelugur - 3 buah <br>\r\nAir - 500 ml <br><br>\r\n\r\n<b>Bumbu Halus</b>:<br>\r\nBawang Merah - 8 siung <br>\r\nBawang Putih - 5 siung <br>\r\nCabe Merah Keriting - 5 buah <br>\r\nCabe Rawit Merah - 5 buah <br>\r\nKemiri - 5 butir <br>\r\nJahe - 2 cm <br>\r\nKunyit - 2 cm <br>\r\nSerai - 2 batang (memarkan) <br><br>\r\n\r\n<b>Bumbu Tambahan</b>:<br>\r\nDaun Salam - 2 lembar <br>\r\nGaram - secukupnya <br>\r\nGula - secukupnya <br>\r\nSantan - 200 ml <br><br>\r\n\r\n<b>Cara Membuat Saksang Babi</b>:<br>\r\n\r\nMenyiapkan Bumbu: <br>\r\nTumis bumbu halus bersama daun salam dan serai hingga harum.<br><br>\r\n\r\nMemasak Daging Babi: <br>\r\nMasukkan daging babi, aduk hingga berubah warna. Tambahkan air dan asam gelugur, masak dengan api kecil hingga daging empuk.<br><br>\r\n\r\nMenambahkan Santan: <br>\r\nTambahkan santan, garam, dan gula secukupnya. Masak hingga bumbu meresap dan kuah mengental.<br><br>\r\n\r\nMenyajikan Saksang Babi: <br>\r\nSajikan Saksang Babi hangat dengan nasi putih.<br>\r\n', '11'),
(57, 'Naniura', 'Gilang', 'Naniura adalah hidangan ikan mentah khas Sumatera Utara yang diolah dengan bumbu-bumbu segar dan disajikan sebagai hidangan utama.\r\n\r\n', 'Tinggi', '1 Jam', '4.7', 'https://indonesiakaya.com/wp-content/uploads/2023/04/Artboard-8.jpg', '<b>Bahan-Bahan Naniura</b> <br>\r\n<b>Bahan Utama</b>:<br>\r\nIkan Tenggiri atau Ikan Pari - 500 gram (fillet, potong tipis) <br>\r\nJeruk Nipis - 5 buah (ambil airnya) <br>\r\nJeruk Limau - 3 buah (ambil airnya) <br>\r\nCabe Rawit Merah - 10 buah (iris tipis) <br>\r\nBawang Merah - 5 siung (iris tipis) <br>\r\nBawang Putih - 3 siung (iris tipis) <br>\r\nDaun Bawang - 2 batang (iris halus) <br>\r\nKemangi - secukupnya <br><br>\r\n\r\n<b>Bumbu Halus</b>:<br>\r\nCabe Merah - 5 buah <br>\r\nKemiri - 4 butir <br>\r\nJahe - 2 cm <br>\r\nLengkuas - 2 cm <br>\r\nGaram - secukupnya <br><br>\r\n\r\n<b>Cara Membuat Naniura</b>:<br>\r\n\r\nMenyiapkan Ikan: <br>\r\nRendam irisan ikan dalam air jeruk nipis dan air jeruk limau selama 30 menit.<br><br>\r\n\r\nMenyiapkan Bumbu Halus: <br>\r\nHaluskan semua bumbu halus menggunakan blender atau ulekan.<br><br>\r\n\r\nMemarutkan Bahan: <br>\r\nTambahkan irisan cabai merah, bawang merah, bawang putih, daun bawang, dan kemangi. Aduk rata.<br><br>\r\n\r\nMenyajikan Naniura: <br>\r\nSajikan naniura bersama lalapan, sambal, dan nasi hangat.<br>\r\n', '11'),
(59, 'Sate Padang', 'Tsaqif', 'Sate Padang adalah hidangan sate khas Sumatera Barat yang terkenal dengan kuah gulai sapi yang kaya rempah dan daging sapi yang empuk.\r\n\r\n', 'Sedang', '2 Jam', '4.6', 'https://asset.kompas.com/crops/rqGBRurZqX4_a5qY31V_4tQfdEo=/0x0:1000x667/750x500/data/photo/2021/03/28/60607a72127cd.jpg', '<b>Bahan-Bahan Sate Padang</b> <br>\r\n<b>Bahan Utama</b>:<br>\r\nDaging Sapi - 500 gram (potong tipis) <br>\r\nTusuk Sate - secukupnya (rendam air) <br><br>\r\n\r\n<b>Bumbu Marinasi</b>:<br>\r\nBawang Merah - 5 siung <br>\r\nBawang Putih - 3 siung <br>\r\nKetumbar - 1 sendok teh <br>\r\nMerica - 1 sendok teh <br>\r\nKunyit - 1 sendok teh <br>\r\nJahe - 2 cm <br>\r\nLengkuas - 2 cm <br>\r\nSerai - 1 batang (memarkan) <br><br>\r\n\r\n<b>Bumbu Kuah Gulai</b>:<br>\r\nSantan - 500 ml <br>\r\nAir - 500 ml <br>\r\nDaun Jeruk - 2 lembar <br>\r\nDaun Salam - 2 lembar <br>\r\nAsam Kandis - 2 buah <br>\r\nGula Merah - secukupnya <br>\r\nGaram - secukupnya <br><br>\r\n\r\n<b>Cara Membuat Sate Padang</b>:<br>\r\n\r\nMenyiapkan Bumbu Marinasi: <br>\r\nHaluskan semua bumbu marinasi menggunakan blender atau ulekan. Marinasi daging sapi dengan bumbu ini selama minimal 1 jam.<br><br>\r\n\r\nMemanggang Sate: <br>\r\nTusukkan daging yang telah dimarinasi ke tusuk sate. Panggang sate di atas bara api atau panggangan hingga matang dan berwarna kecoklatan.<br><br>\r\n\r\nMembuat Kuah Gulai: <br>\r\nRebus santan, air, daun jeruk, daun salam, asam kandis, gula merah, dan garam hingga kuah mengental dan bumbu meresap.<br><br>\r\n\r\nMenyajikan Sate Padang: <br>\r\nSajikan sate padang panas dengan kuah gulai dan nasi putih.<br>\r\n', '12'),
(60, 'Paniki', 'Tsaqif', 'Paniki adalah hidangan khas Gorontalo berupa masakan burung walet yang dimasak dengan bumbu rempah khas daerah ini.\r\n\r\n', 'Tinggi', '3 Jam', '4.7', 'https://difanews.com/wp-content/uploads/2019/04/Paniki-2.jpg', '<b>Bahan-Bahan Paniki</b> <br>\r\n<b>Bahan Utama</b>:<br>\r\nBurung Walet - 500 gram <br>\r\nSantan - 500 ml <br>\r\nAir - 500 ml <br><br>\r\n\r\n<b>Bumbu Halus</b>:<br>\r\nBawang Merah - 10 siung <br>\r\nBawang Putih - 5 siung <br>\r\nKemiri - 5 butir <br>\r\nLengkuas - 3 cm <br>\r\nJahe - 2 cm <br>\r\nKunyit - 2 cm <br>\r\nCabe Merah - 5 buah <br><br>\r\n\r\n<b>Bumbu Tambahan</b>:<br>\r\nDaun Jeruk - 3 lembar <br>\r\nDaun Salam - 2 lembar <br>\r\nLengkuas - 2 cm (memarkan) <br>\r\nSerai - 2 batang (memarkan) <br>\r\nGaram - secukupnya <br>\r\nGula - secukupnya <br><br>\r\n\r\n<b>Cara Membuat Paniki</b>:<br>\r\n\r\nMenyiapkan Burung Walet: <br>\r\nBersihkan burung walet dan potong menjadi bagian-bagian kecil.<br><br>\r\n\r\nMenyiapkan Bumbu Halus: <br>\r\nHaluskan bumbu halus menggunakan blender atau ulekan.<br><br>\r\n\r\nMemasak Paniki: <br>\r\nTumis bumbu halus hingga harum. Masukkan burung walet dan aduk hingga berubah warna.<br><br>\r\n\r\nTambahkan Santan: <br>\r\nTuangkan santan, tambahkan daun jeruk, daun salam, lengkuas, serai, garam, dan gula. Masak dengan api kecil hingga burung walet matang dan kuah mengental.<br><br>\r\n\r\nMenyajikan Paniki: <br>\r\nSajikan paniki hangat dengan nasi putih.<br>\r\n', '13'),
(61, 'Saguer', 'Tsaqif', 'Saguer adalah minuman khas Gorontalo yang terbuat dari air sagu yang difermentasi, memiliki rasa asam segar dan kaya akan manfaat bagi kesehatan.\r\n\r\n', 'Sedang', '3 Hari', '4.1', 'https://img.inews.co.id/media/600/files/networks/2021/12/30/e1676_saguer.jpeg', '<b>Bahan-Bahan Saguer</b> <br>\r\n<b>Bahan Utama</b>:<br>\r\nTepung Sagu - 500 gram <br>\r\nAir - 5 liter <br><br>\r\n\r\n<b>Bahan Tambahan</b>:<br>\r\nGula Merah - 200 gram <br>\r\nRagi Tape - 100 gram <br><br>\r\n\r\n<b>Cara Membuat Saguer</b>:<br>\r\n\r\nMembuat Campuran Sagu: <br>\r\nCampurkan tepung sagu dengan air, aduk rata hingga larut sempurna.<br><br>\r\n\r\nFermentasi: <br>\r\nTambahkan ragi tape ke dalam campuran sagu, aduk rata. Biarkan selama 2-3 hari hingga saguer mengalami proses fermentasi.<br><br>\r\n\r\nPenyajian: <br>\r\nSaring saguer dan pisahkan ampasnya. Tambahkan gula merah sesuai selera, aduk hingga larut.<br><br>\r\n\r\nMenyajikan Saguer: <br>\r\nSajikan saguer dingin sebagai minuman segar.<br>\r\n', '13'),
(62, 'Tempoyak Jantung Pisang', 'Gilang', 'Tempoyak Jantung Pisang adalah hidangan khas Jambi yang terbuat dari jantung pisang yang difermentasi dengan tempoyak (fermentasi durian) dan bumbu rempah.\r\n', 'Sedang', '1,5 Jam', '4.4', 'https://img-global.cpcdn.com/recipes/77fbd9c22cccdef8/1200x630cq70/photo.jpg', '\r\n<b>Bahan-Bahan Tempoyak Jantung Pisang</b> <br>\r\n<b>Bahan Utama</b>:<br>\r\nJantung Pisang - 2 buah (potong-potong) <br>\r\nTempoyak - 300 gram <br>\r\nSantan - 200 ml <br><br>\r\n\r\n<b>Bumbu Halus</b>:<br>\r\nBawang Merah - 4 siung <br>\r\nBawang Putih - 3 siung <br>\r\nKemiri - 3 butir <br>\r\nLengkuas - 2 cm <br>\r\nJahe - 2 cm <br>\r\nCabe Merah - 2 buah <br><br>\r\n\r\n<b>Bumbu Tambahan</b>:<br>\r\nDaun Salam - 2 lembar <br>\r\nSerai - 1 batang (memarkan) <br>\r\nGula - secukupnya <br>\r\nGaram - secukupnya <br><br>\r\n\r\n<b>Cara Membuat Tempoyak Jantung Pisang</b>:<br>\r\n\r\nMenyiapkan Bumbu Halus: <br>\r\nHaluskan semua bumbu halus menggunakan blender atau ulekan.<br><br>\r\n\r\nMemasak Tempoyak Jantung Pisang: <br>\r\nTumis bumbu halus hingga harum. Masukkan potongan jantung pisang dan aduk hingga berubah warna.<br><br>\r\n\r\nTambahkan Santan dan Tempoyak: <br>\r\nTuangkan santan dan tempoyak ke dalam tumisan. Tambahkan daun salam, serai, gula, dan garam. Masak dengan api kecil hingga jantung pisang empuk dan kuah mengental.<br><br>\r\n\r\nMenyajikan Tempoyak Jantung Pisang: <br>\r\nSajikan tempoyak jantung pisang hangat dengan nasi putih.<br>\r\n', '14'),
(63, 'Bagea', 'Tsaqif', 'Bagea adalah kue tradisional khas Jambi yang terbuat dari kelapa parut, gula merah, dan tepung beras, kemudian dipanggang hingga matang.\r\n\r\n', 'Sedang', '1,5 Jam', '4.3', 'https://img-global.cpcdn.com/recipes/94cbec907596418f/680x482cq70/kue-bagea-coklat-bagiak-foto-resep-utama.jpg', '<b>Bahan-Bahan Bagea</b> <br>\r\n<b>Bahan Utama</b>:<br>\r\nKelapa Parut - 300 gram <br>\r\nGula Merah - 200 gram (diparut halus) <br>\r\nTepung Beras - 200 gram <br>\r\nSantan - 200 ml <br><br>\r\n\r\n<b>Bumbu Tambahan</b>:<br>\r\nVanili - 1/2 sendok teh <br>\r\nGaram - 1/2 sendok teh <br>\r\nAir - secukupnya <br><br>\r\n\r\n<b>Cara Membuat Bagea</b>:<br>\r\n\r\nMenyiapkan Adonan: <br>\r\nCampurkan kelapa parut, gula merah parut, tepung beras, vanili, dan garam. Tambahkan santan sedikit demi sedikit sambil diaduk hingga adonan bisa dipulung.<br><br>\r\n\r\nPembentukan dan Pemanggangan: <br>\r\nAmbil adonan secukupnya, bentuk bulat dan pipihkan. Letakkan di atas loyang yang sudah diolesi margarin dan dialas kertas roti. Panggang dalam oven dengan suhu 160C selama 30-40 menit hingga matang dan kecoklatan.<br><br>\r\n\r\nPenyajian Bagea: <br>\r\nDinginkan bagea sebelum disajikan sebagai camilan atau oleh-oleh khas Jambi.<br>\r\n', '14'),
(64, 'Laksa Kepulauan Riau', 'Tsaqif', 'Laksa Kepulauan Riau adalah hidangan berkuah khas yang menggunakan bumbu rempah kaya dan ikan sebagai bahan utama.\r\n\r\n', 'Sedang', '2 Jam', '4.6', 'https://asset-2.tstatic.net/batam/foto/bank/images/laksenak.jpg', '<b>Bahan-Bahan Laksa Kepulauan Riau</b> <br>\r\n<b>Bahan Utama</b>:<br>\r\nIkan Tenggiri - 500 gram (potong menjadi beberapa bagian) <br>\r\nBihun - 200 gram (rendam dalam air panas) <br>\r\nAir - 1 liter <br><br>\r\n\r\n<b>Bumbu Halus</b>:<br>\r\nBawang Merah - 5 siung <br>\r\nBawang Putih - 3 siung <br>\r\nKemiri - 4 butir <br>\r\nLengkuas - 3 cm <br>\r\nJahe - 2 cm <br>\r\nKunyit - 2 cm <br>\r\nCabe Merah - 3 buah <br><br>\r\n\r\n<b>Bumbu Tambahan</b>:<br>\r\nDaun Jeruk - 2 lembar <br>\r\nDaun Salam - 2 lembar <br>\r\nSerai - 2 batang (memarkan) <br>\r\nSantan - 200 ml <br>\r\nAsam Kandis - 2 buah <br>\r\nGula - secukupnya <br>\r\nGaram - secukupnya <br><br>\r\n\r\n<b>Pelengkap</b>:<br>\r\nTauge - secukupnya <br>\r\nBawang Merah Goreng - secukupnya <br>\r\nDaun Bawang - secukupnya (iris halus) <br>\r\nJeruk Nipis - secukupnya <br>\r\nSambal - secukupnya <br><br>\r\n\r\n<b>Cara Membuat Laksa Kepulauan Riau</b>:<br>\r\n\r\nMenyiapkan Bumbu Halus: <br>\r\nHaluskan semua bumbu halus menggunakan blender atau ulekan.<br><br>\r\n\r\nMemasak Laksa: <br>\r\nDidihkan air, masukkan bumbu halus, daun jeruk, daun salam, serai, dan asam kandis. Masak hingga bumbu matang.<br><br>\r\n\r\nTambahkan Ikan: <br>\r\nMasukkan potongan ikan tenggiri ke dalam kuah, masak hingga ikan matang.<br><br>\r\n\r\nTambahkan Santan: <br>\r\nTambahkan santan, gula, dan garam. Masak dengan api kecil hingga kuah mengental dan bumbu meresap.<br><br>\r\n\r\nPenyajian Laksa Kepulauan Riau: <br>\r\nSajikan laksa panas dengan bihun, tauge, bawang merah goreng, daun bawang, jeruk nipis, dan sambal sebagai pelengkap.<br>\r\n', '15'),
(65, 'Otak-otak', 'Tsaqif', 'Otak-Otak adalah makanan khas Kepulauan Riau berupa sosis ikan yang dibungkus dengan daun pisang dan dipanggang.\r\n', 'Sedang', '1,5 Jam', '4.4', 'https://img.kurio.network/EI_Q9ea0FjHd-PQFRZ2apfLIwqk=/1200x1200/filters:quality(80)/https://kurio-img.kurioapps.com/20/09/28/08a9a695-1975-4f64-aacc-43569db60ec8.jpg', '\r\n<b>Bahan-Bahan Otak-Otak</b> <br>\r\n<b>Bahan Utama</b>:<br>\r\nIkan Tenggiri - 500 gram (haluskan dagingnya) <br>\r\nKelapa Parut - 100 gram <br>\r\nTepung Sagu - 50 gram <br><br>\r\n\r\n<b>Bumbu Halus</b>:<br>\r\nBawang Merah - 5 siung <br>\r\nBawang Putih - 3 siung <br>\r\nLengkuas - 2 cm <br>\r\nKunyit - 1 cm <br>\r\nKemiri - 3 butir <br>\r\nCabe Merah - 3 buah <br><br>\r\n\r\n<b>Bumbu Tambahan</b>:<br>\r\nDaun Jeruk - 2 lembar <br>\r\nGula - 1 sendok teh <br>\r\nGaram - 1 sendok teh <br>\r\nSantan - 100 ml <br><br>\r\n\r\n<b>Pelengkap</b>:<br>\r\nDaun Pisang - untuk membungkus <br>\r\nJeruk Nipis - secukupnya <br>\r\nSambal Kacang - secukupnya <br><br>\r\n\r\n<b>Cara Membuat Otak-Otak</b>:<br>\r\n\r\nMenyiapkan Bahan Utama: <br>\r\nHaluskan ikan tenggiri, campurkan dengan kelapa parut, tepung sagu, dan santan.<br><br>\r\n\r\nMenyiapkan Bumbu Halus: <br>\r\nHaluskan semua bumbu halus menggunakan blender atau ulekan.<br><br>\r\n\r\nCampurkan Semua Bahan: <br>\r\nCampurkan bumbu halus ke dalam adonan ikan, aduk rata.<br><br>\r\n\r\nPembungkusan dan Pemanggangan: <br>\r\nAmbil adonan, bungkus dengan daun pisang dan panggang hingga matang.<br><br>\r\n\r\nPenyajian Otak-Otak: <br>\r\nSajikan otak-otak hangat dengan pelengkap jeruk nipis dan sambal kacang.<br>\r\n', '15'),
(66, 'Sate Kambing Tanjung', 'Gilang', 'Sate Kambing Tanjung adalah hidangan sate khas Lampung yang menggunakan daging kambing yang dipanggang dengan bumbu rempah khas.\r\n\r\n', 'Sedang', '1,5 Jam', '4.4', 'https://lh5.googleusercontent.com/lkFsrm9-mpJni8oH7XV0jUTta81Vqx3tgIZvcgGTfnGebrtuUGJLVZwchGiAbIYrH2jeswS13gQAJQha5ljmtw0Sj79w32bw1g0q0sY-VZCYzoF9FrWaEXz2q6_vqCjzwfSYRjTpTAJpaRubT-4o7v4', '<b>Bahan-Bahan Sate Kambing Tanjung</b> <br>\r\n<b>Bahan Utama</b>:<br>\r\nDaging Kambing - 500 gram (potong dadu) <br>\r\nTusuk Sate - secukupnya (rendam dalam air) <br><br>\r\n\r\n<b>Bumbu Halus</b>:<br>\r\nBawang Merah - 5 siung <br>\r\nBawang Putih - 3 siung <br>\r\nKemiri - 3 butir <br>\r\nLengkuas - 2 cm <br>\r\nJahe - 2 cm <br>\r\nKunyit - 1 cm <br>\r\nCabe Merah - 5 buah <br><br>\r\n\r\n<b>Bumbu Tambahan</b>:<br>\r\nLada - secukupnya <br>\r\nGaram - secukupnya <br>\r\nGula - secukupnya <br>\r\nMinyak Goreng - secukupnya <br><br>\r\n\r\n<b>Pelengkap</b>:<br>\r\nBawang Goreng - secukupnya <br>\r\nSambal Kacang - secukupnya <br>\r\nLontong - secukupnya <br>\r\nMentimun - secukupnya (potong kecil-kecil) <br><br>\r\n\r\n<b>Cara Membuat Sate Kambing Tanjung</b>:<br>\r\n\r\nMenyiapkan Bumbu Halus: <br>\r\nHaluskan semua bumbu halus menggunakan blender atau ulekan.<br><br>\r\n\r\nMarinasi Daging: <br>\r\nCampurkan daging kambing dengan bumbu halus, garam, gula, lada, dan minyak goreng. Diamkan minimal 1 jam agar bumbu meresap.<br><br>\r\n\r\nTusuk dan Panggang: <br>\r\nTusukkan potongan daging kambing ke tusuk sate. Panggang sate di atas bara api atau grill hingga matang dan kecoklatan.<br><br>\r\n\r\nPenyajian Sate Kambing Tanjung: <br>\r\nSajikan sate kambing panas dengan pelengkap bawang goreng, sambal kacang, lontong, dan potongan mentimun.<br>\r\n', '16'),
(67, 'Ikan Woku', 'Tsaqif', '<b>Ikan Woku</b> <br>\r\n\r\nIkan Woku adalah hidangan ikan khas Maluku yang dimasak dengan bumbu rempah yang kaya, seperti lengkuas, jahe, kunyit, dan cabai rawit. Ikan yang digunakan biasanya ikan kakap atau ikan tuna, dimasak dengan santan atau air kelapa untuk menciptakan kuah yang lezat.\r\n', 'Sedang', '1,5 Jam', '4.4', 'https://www.dapurkobe.co.id/wp-content/uploads/woku-ikan-tenggiri.jpg', '\r\n<b>Bahan-Bahan Ikan Woku</b> <br>\r\n<b>Bahan Utama</b>:<br>\r\nIkan Kakap atau Ikan Tuna - 500 gram <br>\r\nSantan - 300 ml <br>\r\nAir Kelapa - 200 ml <br><br>\r\n\r\n<b>Bumbu Halus</b>:<br>\r\nBawang Merah - 5 siung <br>\r\nBawang Putih - 3 siung <br>\r\nKemiri - 3 butir <br>\r\nLengkuas - 2 cm <br>\r\nJahe - 2 cm <br>\r\nKunyit - 1 cm <br>\r\nCabe Rawit - 5 buah <br><br>\r\n\r\n<b>Bumbu Tambahan</b>:<br>\r\nDaun Jeruk - 2 lembar <br>\r\nSerai - 2 batang (memarkan) <br>\r\nGula - secukupnya <br>\r\nGaram - secukupnya <br><br>\r\n\r\n<b>Cara Membuat Ikan Woku</b>:<br>\r\n\r\nPersiapan Bumbu: <br>\r\nHaluskan bawang merah, bawang putih, kemiri, lengkuas, jahe, kunyit, dan cabe rawit menjadi bumbu halus.<br><br>\r\n\r\nMemasak Ikan Woku: <br>\r\nPanaskan minyak, tumis bumbu halus hingga harum. Tambahkan daun jeruk, serai, garam, dan gula. Masukkan ikan, santan, dan air kelapa. Masak dengan api sedang hingga ikan matang dan bumbu meresap.<br><br>\r\n\r\nPenyajian Ikan Woku: <br>\r\nSajikan ikan woku panas dengan nasi putih hangat sebagai pendampingnya.<br>\r\n', '17'),
(68, 'Papeda', 'Tsaqif', '<b>Papeda</b> <br>\r\n\r\nPapeda adalah makanan pokok khas Maluku yang terbuat dari sagu yang direbus hingga mengental. Biasanya disajikan dengan kuah ikan atau daging yang kaya rempah seperti bumbu kunyit dan serai. Papeda memiliki tekstur yang kenyal dan sering dihidangkan bersama ikan bakar atau papeda kuah kuning.\r\n\r\n', 'Sedang', '2 Jam', '4.3', 'https://makanan-indonesia.weebly.com/uploads/9/0/0/4/90046471/papeda_orig.jpg', '<b>Bahan-Bahan Papeda</b> <br>\r\n<b>Bahan Utama</b>:<br>\r\nSagu - 250 gram <br>\r\nAir - 1 liter <br><br>\r\n\r\n<b>Bumbu Pendamping</b>:<br>\r\nKunyit - 2 cm (memarkan) <br>\r\nSerai - 2 batang (memarkan) <br>\r\nDaun Jeruk - 2 lembar <br>\r\nGaram - secukupnya <br><br>\r\n\r\n<b>Cara Membuat Papeda</b>:<br>\r\n\r\nMemasak Sagu: <br>\r\nRebus air dengan kunyit, serai, dan daun jeruk hingga mendidih. Masukkan sagu sambil terus diaduk hingga mengental dan matang.<br><br>\r\n\r\nPenyajian Papeda: <br>\r\nSajikan papeda panas dengan kuah ikan atau daging dan sambal sebagai pelengkapnya.<br>\r\n', '17'),
(69, 'Nasi Kolo', 'Gilang', '<b>Nasi Kolo</b> <br>\r\n\r\nNasi Kolo adalah hidangan nasi khas Nusa Tenggara Timur yang disajikan dengan daging sapi cincang dan sambal pedas. Daging sapi cincang dimasak dengan bumbu rempah yang kaya dan disajikan dengan nasi putih.\r\n\r\n', 'Sedang', '1 Jam', '4.4', 'https://ik.trn.asia/uploads/2021/07/1626778350665.jpeg?tr=w-995', '<b>Bahan-Bahan Nasi Kolo</b> <br>\r\n- Nasi putih - 500 gram <br>\r\n- Daging sapi cincang - 300 gram <br>\r\n- Bawang merah - 5 butir (iris halus) <br>\r\n- Bawang putih - 3 siung (iris halus) <br>\r\n- Cabai merah besar - 3 buah (iris tipis) <br>\r\n- Cabai rawit - 5 buah (sesuai selera, iris tipis) <br>\r\n- Kecap manis - 2 sendok makan <br>\r\n- Garam - secukupnya <br>\r\n- Gula pasir - secukupnya <br>\r\n\r\n<b>Cara Membuat Nasi Kolo</b> <br>\r\n1. Tumis bawang merah, bawang putih, cabai merah besar, dan cabai rawit hingga harum.\r\n2. Masukkan daging sapi cincang, aduk hingga berubah warna.\r\n3. Tambahkan kecap manis, garam, dan gula pasir, masak hingga daging matang.\r\n4. Sajikan nasi putih dengan daging sapi cincang sebagai toppingnya.\r\n', '20'),
(70, 'Konro Bakar', 'Tsaqif', '<b>Deskripsi:</b><br>\r\n<p>Konro Bakar adalah hidangan khas dari Sulawesi Barat yang terkenal dengan daging iga sapi yang dimasak secara tradisional dan kemudian dipanggang untuk mencapai cita rasa yang kaya dan tekstur yang empuk. Hidangan ini disajikan dengan kuah kental yang harum serta sambal yang pedas.</p><br>\r\n', 'Sedang', '2-3 Jam', '4.5', 'https://asset.kompas.com/crops/cksaKVX31eO3EBNiz11Zs8yrm70=/0x0:1000x667/750x500/data/photo/2022/08/02/62e88f0f74e1a.jpg', '\r\n<b>Bahan-Bahan:</b><br>\r\n\r\n<b>Bahan Utama:</b><br>\r\n<p>- Daging iga sapi - 1 kg</p>\r\n<p>- Bumbu Marinasi (bawang putih, jahe, ketumbar, kunyit) - secukupnya</p>\r\n<p>- Kecap manis - 3 sendok makan</p>\r\n<p>- Air - 500 ml</p><br>\r\n\r\n<b>Bahan Bumbu Kuah:</b><br>\r\n<p>- Bawang merah - 5 siung (haluskan)</p>\r\n<p>- Bawang putih - 3 siung (haluskan)</p>\r\n<p>- Kecap manis - 2 sendok makan</p>\r\n<p>- Kecap asin - 1 sendok makan</p>\r\n<p>- Air - 1 liter</p><br>\r\n\r\n<b>Bahan Bumbu Sambal:</b><br>\r\n<p>- Cabe rawit - 10 buah (haluskan)</p>\r\n<p>- Bawang merah - 3 siung (haluskan)</p>\r\n<p>- Tomat - 1 buah (haluskan)</p>\r\n<p>- Garam - secukupnya</p>\r\n<p>- Gula - secukupnya</p>\r\n<p>- Air jeruk nipis - secukupnya</p><br>\r\n\r\n<b>Cara Membuat:</b><br>\r\n\r\n<b>Marinasi Daging:</b><br>\r\n<p>1. Campur daging iga sapi dengan bumbu marinasi, kecap manis, dan air. Diamkan selama minimal 2 jam atau semalaman dalam lemari es.</p><br>\r\n\r\n<b>Panggang Daging:</b><br>\r\n<p>1. Panggang daging yang sudah dimarinasi hingga matang dan berwarna kecoklatan di atas bara api atau panggangan. Bolak-balik dan olesi dengan sisa marinasi untuk hasil yang merata.</p><br>\r\n\r\n<b>Buat Kuah:</b><br>\r\n<p>1. Tumis bawang merah dan bawang putih halus hingga harum.</p>\r\n<p>2. Tambahkan kecap manis, kecap asin, dan air. Masak hingga mendidih dan kuah mengental.</p><br>\r\n\r\n<b>Buat Sambal:</b><br>\r\n<p>1. Campur cabe rawit, bawang merah, tomat halus, garam, gula, dan air jeruk nipis. Aduk rata dan siapkan sebagai pelengkap.</p><br>\r\n\r\n<b>Sajikan:</b><br>\r\n<p>1. Potong-potong daging konro bakar dan sajikan dengan kuah panas serta sambal.</p>\r\n<p>2. Nikmati dengan nasi putih hangat.</p><br>\r\n\r\n', '24'),
(71, 'Kohu-Kohu', 'Gilang ', 'Kohu-Kohu adalah salah satu hidangan tradisional khas Maluku Utara yang berbentuk salad sayuran segar dengan campuran kelapa parut dan bumbu rempah. Hidangan ini dikenal dengan rasa segar dan gurih yang khas, serta kaya akan serat dan nutrisi dari berbagai sayuran yang digunakan.\r\n', 'Mudah', '30-45 menit', '4.5/5', 'https://img.okezone.com/content/2015/12/01/298/1259045/resep-kohu-kohu-urap-ala-maluku-ipJuxxj07L.jpg', 'Bahan-Bahan Kohu-Kohu\r\n\r\nBahan Utama:\r\n\r\nKacang Panjang: 100 gram (potong-potong)\r\nDaun Pepaya Muda: 100 gram (rebus sebentar)\r\nBayam: 100 gram (rebus sebentar)\r\nKol: 100 gram (iris tipis)\r\nTauge: 100 gram (blansir)\r\nTerong Bulat: 2 buah (iris tipis)\r\nKelapa Parut: 200 gram (sangrai hingga kekuningan)\r\nBumbu Halus:\r\n\r\nBawang Merah: 5 siung\r\nBawang Putih: 3 siung\r\nKemiri: 3 butir\r\nCabe Rawit: 5 buah\r\nTerasi: 1 sendok teh (bakar)\r\nJeruk Nipis: 2 buah (ambil airnya)\r\nGaram: secukupnya\r\nGula: secukupnya\r\nPelengkap:\r\n\r\nBawang Goreng: secukupnya\r\nKerupuk: secukupnya\r\nIkan Asin: secukupnya (digoreng kering)\r\nCara Membuat Kohu-Kohu:\r\n\r\nMenyiapkan Bumbu Halus:\r\n\r\nHaluskan semua bumbu halus menggunakan blender atau ulekan.\r\nTambahkan air jeruk nipis, garam, dan gula secukupnya.\r\nAduk hingga semua bumbu tercampur rata.\r\nMencampur Sayuran:\r\n\r\nCampurkan semua sayuran yang sudah dipotong dan direbus sebentar dengan kelapa parut yang sudah disangrai.\r\nMencampur Bumbu dengan Sayuran:\r\n\r\nTuangkan bumbu halus ke dalam campuran sayuran dan kelapa parut.\r\nAduk hingga semua bahan tercampur rata dan bumbu meresap.\r\nPenyajian Kohu-Kohu:\r\n\r\nPindahkan kohu-kohu ke dalam piring saji.\r\nTaburi dengan bawang goreng.\r\nSajikan bersama pelengkap seperti kerupuk dan ikan asin\r\n', '18');

--
-- Indexes for dumped tables
--

--
-- Indeks untuk tabel `coments`
--
ALTER TABLE `coments`
  ADD KEY `id` (`id`) USING BTREE;

--
-- Indeks untuk tabel `daerahs`
--
ALTER TABLE `daerahs`
  ADD PRIMARY KEY (`daerahId`);

--
-- Indeks untuk tabel `makanans`
--
ALTER TABLE `makanans`
  ADD PRIMARY KEY (`id`),
  ADD KEY `daerahId` (`daerahId`) USING BTREE;

--
-- AUTO_INCREMENT untuk tabel yang dibuang
--

--
-- AUTO_INCREMENT untuk tabel `daerahs`
--
ALTER TABLE `daerahs`
  MODIFY `daerahId` int(128) NOT NULL AUTO_INCREMENT, AUTO_INCREMENT=93;

--
-- AUTO_INCREMENT untuk tabel `makanans`
--
ALTER TABLE `makanans`
  MODIFY `id` int(128) NOT NULL AUTO_INCREMENT, AUTO_INCREMENT=73;
COMMIT;

/*!40101 SET CHARACTER_SET_CLIENT=@OLD_CHARACTER_SET_CLIENT */;
/*!40101 SET CHARACTER_SET_RESULTS=@OLD_CHARACTER_SET_RESULTS */;
/*!40101 SET COLLATION_CONNECTION=@OLD_COLLATION_CONNECTION */;
